id,first_name,last_name,product,price,creditcard,city
1,Noby,Camis,The Pop Shoppe - Cream Soda,36.09,5048379110146272,Thị Trấn Hát Lót
2,Shermy,Matthiae,Muffin Carrot - Individual,63.9,5048375712304632,Saint-Denis
3,Terrell,Hapke,Shrimp - 150 - 250,16.1,5108752326424732,Ode
4,Mil,Clyne,Bar Energy Chocchip,9.44,5048374161418779,Changning
5,Rossie,Keasley,"Lamb - Whole Head Off,nz",26.02,5048373903995482,Oeba
6,Ingram,Hatley,Carbonated Water - Cherry,96.87,5108757396026945,Obuasi
7,Misty,Tschersich,Maple Syrup,15.11,5048372063374488,San Bernardo
8,Butch,Seniour,Napkin White,88.71,5048378638767981,Kankan
9,Sim,Wallege,Juice - Apple Cider,45.39,5108751622917191,Tetyushi
10,Alena,Wycliff,Currants,27.44,5108755889863857,Zhuxi
11,Lanie,Hopkynson,"Leeks - Baby, White",42.26,5048370859673345,Korenëvo
12,Grove,Baunton,Cilantro / Coriander - Fresh,78.36,5108753675165710,Zlatoust
13,Paula,Milligan,Eggplant - Baby,68.33,5108759384313228,Nogent-sur-Marne
14,Gilburt,Cluff,Tomatoes Tear Drop,29.59,5108759814629615,Stoczek Łukowski
15,Rosette,Grigori,"Wine - Harrow Estates, Vidal",98.35,5108753045436213,Rejanegara
16,Kippy,Abramamovh,Island Oasis - Strawberry,75.18,5108751119708285,Villefontaine
17,Mellicent,Isted,External Supplier,20.08,5108759557594471,Anfusi
18,Adah,Gregolin,Lettuce - Curly Endive,13.92,5108758919878879,Färgelanda
19,Wallis,Izakoff,Ecolab Silver Fusion,6.7,5048377542962076,Kikerino
20,Alvinia,Prewer,Molasses - Fancy,62.97,5048372633977364,Dingjiayao
21,Susannah,Balint,"Quail - Whole, Bone - In",69.84,5108751732574916,Kimakamak
22,Bambi,Tatnell,Tea Peppermint,27.29,5048378572692732,Wakuya
23,Arni,Waind,Flour - Masa De Harina Mexican,7.28,5048372971807124,Zhaxirabdain
24,Alvin,Bellard,Oil - Peanut,5.65,5108753545645081,Hōfu
25,Phil,Grutchfield,Foil - Round Foil,71.61,5108759779880484,Lewokluok
26,Dodie,Slator,Tarragon - Fresh,80.36,5048373410133106,Teberda
27,Margalit,Jeandel,Cherries - Fresh,45.5,5108753042060941,Nikhom Kham Soi
28,Zita,O'Brallaghan,Cheese - Stilton,18.18,5048373911330896,Chacabuco
29,Steward,Rubinowitsch,Truffle - Peelings,1.89,5108759418656949,Bultfontein
30,Keri,Skrzynski,Coffee Caramel Biscotti,51.12,5048371563616182,Akureyri
31,Doll,Meletti,Flour - Bread,67.74,5108757537655412,Majur
32,Klemens,Petrishchev,Chicken - Soup Base,86.71,5048376532762819,Beo
33,Broderick,Kellard,Towel Multifold,99.26,5048374008527345,Wahang Dua
34,Maisey,Scrigmour,Sugar - Brown,24.01,5048375231777003,Kertamukti
35,Lorin,Hackelton,Coffee - Cafe Moreno,71.03,5108752418176901,Kanginan
36,Annie,Potteridge,Water - Perrier,46.99,5108754401989787,Hörby
37,Budd,Bodman,Laundry - Bag Cloth,6.09,5048379701028442,Pushkino
38,Roderick,Carletti,Ecolab - Lime - A - Way 4/4 L,27.45,5048370662286624,Turku
39,Waly,Downes,Dish Towel,57.25,5048371929728416,Lewoluo
40,Nathalie,Messiter,Tea - Lemon Green Tea,77.76,5108759267014588,Tiarei
41,Barbey,Costard,"Wine - White, Cooking",31.63,5108756990838432,San Francisco
42,Elwood,Peiro,Juice - Ocean Spray Kiwi,15.66,5108756593432534,New Orleans
43,Clementia,Harridge,Peppercorns - Pink,97.27,5108753463682140,Santa Catalina
44,Broddie,Imloch,"Sugar - Brown, Individual",29.28,5108758460697447,Outeiro
45,Cassandry,Masterman,Kahlua,4.15,5048374269088094,Maicao
46,Pamella,Meachen,Easy Off Oven Cleaner,56.68,5048373332666969,Madīnat ash Shamāl
47,Shandeigh,Sear,Longos - Cheese Tortellini,73.78,5108757955758037,Nice
48,Christian,Bernhardi,Scotch - Queen Anne,28.9,5048375062714463,Golden
49,Thadeus,Klewer,"Dill - Primerba, Paste",11.77,5108753006980209,Kisii
50,Clemmy,Locock,Chips Potato Salt Vinegar 43g,23.05,5108751365129384,Vale Mourão
51,Lucie,Wickardt,Pan Grease,10.66,5048379785617912,‘Arad
52,Tymothy,Somersett,Potatoes - Pei 10 Oz,41.03,5048379343274313,Jianqiao
53,Hobard,Schrinel,Maple Syrup,68.85,5108758900017420,Umag
54,Reina,Bracegirdle,Wine - Riesling Alsace Ac 2001,91.47,5108759479588148,Mabini
55,Shawn,Buzine,Wine - Merlot Vina Carmen,34.47,5108758365370140,Waiwejak
56,Bertina,Stanway,Beer - Tetleys,31.09,5108751229178585,Jiangpan
57,Roxane,Siggery,"Salsify, Organic",38.59,5108750834181919,Shireet
58,Izaak,Gheorghescu,"Wine - Red, Cabernet Merlot",82.62,5108752915756460,Sumberbaru
59,Stanleigh,Pearcehouse,Potatoes - Mini White 3 Oz,48.98,5048377341871148,Dhahab
60,Nichols,Gascoyen,Chocolate - Unsweetened,61.4,5108751377255128,Sacramento
61,Marge,Barde,Glass Clear 8 Oz,32.64,5048376966975812,Itapissuma
62,Gerri,Bilbey,Cheese - Feta,18.54,5048379213672273,Domont
63,Kora,Bartens,Sauce - Hp,57.57,5048376056419499,Sliema
64,Cullin,Guisot,Lettuce - Boston Bib,57.52,5108759969404400,Henghe
65,Adrien,Kharchinski,Orange Roughy 4/6 Oz,93.01,5048373247066388,Bagan
66,Tamera,Covell,Chicken - Soup Base,26.18,5108758453683602,Carvalhos
67,Ephrayim,Brydone,Beef - Inside Round,38.24,5048379827796757,Okakarara
68,Kitti,Pullinger,Beef - Diced,61.99,5108753623604844,Elvas
69,Humfrey,Kanter,Wine - Cousino Macul Antiguas,5.44,5048374857829834,Gandra
70,Carter,Thying,Sauce - Cranberry,70.8,5108757146548776,Francisco Villa
71,Dulciana,Willbraham,Bag - Clear 7 Lb,1.16,5108751862465745,Rio Grande
72,Marcello,Drews,"Sprite, Diet - 355ml",33.14,5108757234031669,Kanye
73,Max,Bulteel,Wine - Chateau Bonnet,54.77,5108752333787345,Saint-Laurent-Blangy
74,Kahaleel,Tuckett,Lid Tray - 12in Dome,67.1,5108757164407004,Al Mashāf
75,Stan,Wisdom,Wine - Kwv Chenin Blanc South,42.89,5108758434553270,Wonorejo Dua
76,Barny,Moncaster,Almonds Ground Blanched,87.19,5108755465381522,Portel
77,Janeva,Gioan,"Oil - Shortening,liqud, Fry",28.98,5108751341361937,Wensu
78,Clary,Meert,Olive - Spread Tapenade,63.63,5108752217674411,Balyaga
79,Ethelbert,Lippini,Eggroll,7.28,5048370354665515,Daying
80,Anabelle,Shoreman,Mix Pina Colada,46.09,5048370870588670,Tarauacá
81,Cliff,Duerdin,"Vinegar - Balsamic, White",9.95,5048377111483488,Dijon
82,Rick,Hastwell,Soupcontfoam16oz 116con,89.39,5048370913578159,Razgrad
83,Krystyna,Macilhench,"Juice - Pineapple, 341 Ml",44.43,5048374926969884,Madura
84,Jennee,Vaadeland,Wine - Riesling Alsace Ac 2001,96.13,5048379065008550,El Refugio
85,Cart,Humphris,Bananas,61.61,5048370448895532,Shiyuetian
86,Eba,Hekkert,Potato - Sweet,72.83,5108753222061214,Vargön
87,Keene,Gwalter,Sauce - Mint,82.13,5108753002744948,Pushkinskiye Gory
88,Hastie,Baumford,Cake - Mini Potato Pancake,85.22,5048373993792708,Santa Rosa del Sara
89,Basilius,Aujean,Tea - Herbal Sweet Dreams,68.67,5048374638633273,Ukhta
90,Scarlett,Chidler,Blue Curacao - Marie Brizard,40.25,5108756277965486,Mattawa
91,Daniele,Hradsky,Tomatoes Tear Drop,93.13,5108754141162224,Borås
92,Caril,Brockwell,Guinea Fowl,68.37,5048376782572603,Saltsjö-Boo
93,Willetta,Trevallion,Ostrich - Fan Fillet,52.89,5108757926535217,Donghai
94,Ivory,Minear,Dill Weed - Fresh,30.94,5108754704123381,Corquín
95,Astrid,Bunce,Savory,64.44,5048370518915525,Xintaimen
96,Peterus,De Mattia,Lettuce - Iceberg,24.43,5108750819648957,Banjar Budakeling
97,Una,Tildesley,Spaghetti Squash,20.3,5108751905587430,Maroanging
98,Kane,Strettell,Tray - 16in Rnd Blk,13.3,5048370523997096,Basey
99,Myrtie,Wollen,Rice - Aborio,90.64,5108757280466470,Nakonde
100,Egbert,Gianilli,Gatorade - Cool Blue Raspberry,93.54,5108755446226135,Toyokawa
101,Anabel,Choppin,Hand Towel,57.11,5048378360002656,Fucheng
102,Jeramie,Debow,Fudge - Chocolate Fudge,20.54,5048374749454114,Phúc Yên
103,Shane,Schleicher,"Wine - Red, Antinori Santa",11.9,5108753454842216,Huangjin
104,Florette,Bavage,Coffee - Flavoured,87.67,5108752346501097,Osypenko
105,Rowland,Agronski,Cheese - Cheddarsliced,77.72,5108759585171698,Sangali
106,Reeba,Klemps,Bread - Frozen Basket Variety,28.07,5048377427136176,Cedar Rapids
107,Joycelin,Jesty,Cake - Mini Cheesecake,51.09,5108752639485552,Sishui
108,Diandra,Aronstein,Trueblue - Blueberry Cranberry,28.6,5048376110598056,Gierałtowice
109,Sayers,Childrens,Arrowroot,95.85,5108757532578148,San Jerónimo
110,Woody,Adicot,Ham - Procutinni,59.21,5048374989045440,Kubachi
111,Lesya,Tine,"Yogurt - Cherry, 175 Gr",30.47,5048372216576286,Reshui
112,Nikolos,Exter,Bread Crumbs - Panko,96.99,5108750392216024,Isulan
113,Gwen,Bartens,Beer - Mill St Organic,9.53,5108753633843663,Palangan
114,Terza,Doull,Juice - Mango,28.49,5108751976938041,Riangbao
115,Jacinta,Phear,Wine - Clavet Saint Emilion,11.75,5048378623188763,Kruševo
116,Anabal,Davinet,Potatoes - Mini White 3 Oz,78.14,5108758234163635,Kiaranonggeng
117,George,Chastanet,"Lamb - Loin, Trimmed, Boneless",74.03,5048372390723548,Andir
118,Cris,Jorioz,Soup - Campbells,87.44,5048375875806845,Örbyhus
119,Napoleon,McRobb,Couscous,71.31,5108754059603060,Longshe
120,Madelene,Hellyer,Fib N9 - Prague Powder,3.09,5108759163504526,Reitoca
121,Aguste,Ades,Nutmeg - Ground,60.33,5108752758295543,Jiangchuanlu
122,Quent,Chalcot,"Mustard - Dry, Powder",48.3,5048374333068502,Ngawen
123,Rudie,Serraillier,Sobe - Berry Energy,25.9,5108755724265144,Balindong
124,Frank,Gerault,"Pork - Sausage, Medium",8.76,5108752307566873,Munkedal
125,Sophronia,Wagstaffe,Cookies Oatmeal Raisin,44.98,5108750665862074,Dengok
126,Keary,Crowther,Cookie Dough - Double,73.13,5108750641875943,Kalamangog
127,Jilleen,Iglesia,Appetizer - Smoked Salmon / Dill,7.2,5108754595065675,Tumxuk
128,Graham,Rubens,Pastry - Choclate Baked,93.17,5048379224619040,Sandyford
129,Jamesy,Tatters,Wheat - Soft Kernal Of Wheat,83.1,5108759496442576,Monastyrishche
130,Rochester,Edginton,Pepper - Yellow Bell,23.49,5108755410599939,Deqing
131,Merrielle,Alwen,Yogurt - Plain,27.06,5048377768444510,Jocotán
132,Wynn,Lawey,Ecolab - Mikroklene 4/4 L,68.21,5048376535136516,Chichinales
133,Ashleigh,Allnatt,Appetizer - Crab And Brie,41.19,5048379228524410,Oslo
134,Noble,Struss,Remy Red,82.53,5048370618973978,Atiquizaya
135,Belvia,Mayzes,"Cheese - Boursin, Garlic / Herbs",67.83,5048379573426823,Biguaçu
136,Madelaine,Masserel,Steam Pan - Half Size Deep,76.6,5048373715886481,Somerset East
137,Tye,Phillp,French Pastries,49.88,5108751205931338,Abraham’s Bay
138,Sanson,Omond,"Syrup - Monin, Swiss Choclate",86.34,5108759187551495,Tawau
139,Puff,Alloisi,"Nut - Almond, Blanched, Sliced",50.31,5108756388537612,Ujung
140,Denice,Capey,Beer - Labatt Blue,70.29,5048370135399467,Sukasenang
141,Ambrosi,Haxley,Shortbread - Cookie Crumbs,23.22,5048377592244102,Condoroma
142,Letta,Blucher,Roe - White Fish,33.65,5048374517028421,Kangaslampi
143,Storm,Bonnyson,Longos - Grilled Chicken With,63.62,5108756084631784,Lófos
144,Leticia,Itzcovichch,"Pasta - Lasagna, Dry",71.42,5108756708960353,Pszczyna
145,Lind,Purves,Lidsoupcont Rp12dn,6.61,5048370193379914,Tambalisa
146,Arlinda,Burtwhistle,Salmon Steak - Cohoe 6 Oz,61.87,5108757246799501,Citeguh
147,Goddard,Greenly,Bar Nature Valley,3.48,5108753985169980,Wartburg
148,Coralie,Laviste,Glycerine,56.05,5048370107076242,Stradbally
149,Ardelis,Tythe,Oats Large Flake,63.59,5108753063689826,Xubao
150,Jasmin,Keddey,Muffin - Mix - Mango Sour Cherry,59.3,5048370314426974,Mersam
151,Rickie,Loddy,"Juice - Tomato, 10 Oz",98.46,5048371867012922,Santa Fé do Sul
152,Lesya,Doram,Nantucket - Orange Mango Cktl,90.28,5108756403897124,Fatumuti
153,Harriet,Morrall,"Oregano - Dry, Rubbed",19.55,5108757657230954,Boulaouane
154,Selie,Peek,Beer - Sleeman Fine Porter,80.89,5108753038204099,Majayjay
155,Rockey,Mortimer,Coconut Milk - Unsweetened,18.94,5108755934312629,Tours
156,Murvyn,Lotwich,Milk 2% 500 Ml,78.49,5108754731257145,Arfará
157,Abrahan,Feronet,Ezy Change Mophandle,2.53,5048374131602759,Zongzhai
158,Juanita,McCaffery,Beans - French,60.47,5108754502661681,Baoxu
159,Millisent,Odd,Mahi Mahi,73.11,5108754848358380,Bucu Kidul
160,Feodora,Malpas,"Wine - Red, Antinori Santa",12.09,5108750537725111,Zhongfeng
161,Glynn,Jennery,Wine - Marlbourough Sauv Blanc,62.17,5108759060626315,La Paz
162,Dana,Molder,Plastic Arrow Stir Stick,34.31,5108753264763446,Daliuhao
163,Laurent,Kelsall,Flour - Whole Wheat,98.31,5108758413907182,Eirunepé
164,Barbara-anne,Willox,Kiwi,6.48,5108758265494446,Vichuga
165,Andromache,Sygroves,Tarragon - Fresh,42.52,5108754132371537,Cañazas
166,Natal,Hawkyens,Soup - Boston Clam Chowder,5.14,5048379167979179,Pontevedra
167,Ardenia,Willstrop,Bread - Calabrese Baguette,32.65,5048372000981189,Euclides da Cunha
168,Phoebe,Gierhard,Cranberries - Fresh,52.5,5108752746143813,Guomaying
169,Blithe,Jamieson,Nacho Chips,33.93,5048370914449566,Quatre Bornes
170,Witty,Fuzzens,"Wine - Magnotta - Red, Baco",5.49,5108756671738067,Vaxholm
171,Isacco,Hilary,Pasta - Fusili Tri - Coloured,40.89,5108753571458003,Amiens
172,Ruthe,Kermath,"Chicken - Breast, 5 - 7 Oz",12.18,5108751114041237,Kolyvan’
173,Charmine,Scarbarrow,"Wine - Magnotta - Red, Baco",94.25,5108759267886639,Caicedonia
174,Ronnie,Knight,"Placemat - Scallop, White",39.23,5048371007098609,Perístasi
175,Guy,Domek,Cheese - Marble,67.55,5108752763720204,Ząbkowice Śląskie
176,Corbet,Fitzsymonds,Paper Cocktail Umberlla 80 - 180,23.0,5048371249093046,Rio Real
177,Tomaso,Dudney,"Shrimp - Baby, Warm Water",13.24,5108756094040299,Araçoiaba da Serra
178,Giovanni,Cleave,"Turkey - Breast, Smoked",36.2,5108751158024578,Jiuli
179,Hollis,Flemyng,Hold Up Tool Storage Rack,16.86,5108750029399243,Emiliano Zapata
180,Novelia,Garard,"Fish - Halibut, Cold Smoked",57.66,5048375223124032,Razvanje
181,Aigneis,Gaynesford,Cut Wakame - Hanawakaba,52.61,5048374208477028,Ngeni
182,Tod,Scartifield,Tomatoes - Hot House,4.59,5108757894130611,Lípa
183,Tom,Paniman,Butter - Unsalted,75.98,5108756983849305,Kramat
184,Leann,Moberley,Uniform Linen Charge,80.25,5108755003372728,Tumpang
185,Broderic,Welsby,"Beans - Black Bean, Dry",84.27,5048374374796664,Suzano
186,Jorge,Elnaugh,Dikon,71.87,5108759137977295,Arys
187,Irena,Lovick,Parsley - Fresh,86.33,5108755327667209,Kętrzyn
188,Horton,Minet,Cocoa Powder - Dutched,83.52,5108750064619992,Gislaved
189,Hannis,Borsay,Chips - Assorted,96.56,5048372164359495,Antsohihy
190,Kala,Toffler,French Pastry - Mini Chocolate,27.29,5048371606186326,Blumenau
191,Tally,Walsom,Tray - 16in Rnd Blk,82.4,5108755014099765,Ko Si Chang
192,Tatum,Odams,Island Oasis - Peach Daiquiri,40.04,5048370281786863,Curití
193,Delmar,Ashman,Island Oasis - Raspberry,12.75,5108752567019332,Besteiros
194,Job,Spooner,"Beef - Tongue, Fresh",83.59,5108758040003546,Parada de Pinhão
195,Gwyneth,Ambroisin,Ecolab - Ster Bac,10.97,5048375134596856,Spas-Zaulok
196,Clement,Youdell,Energy Drink - Franks Original,42.27,5108755276191821,Kuroiso
197,Dewitt,Flowerden,Beans - French,11.65,5048372511123370,Chłapowo
198,Trefor,Stamps,Bread - White Mini Epi,80.55,5108759033481087,Jaguarari
199,Dulcie,Airds,Sugar - Crumb,86.16,5108754475351989,Shichuan
200,Babb,Napoleone,"Lemonade - Natural, 591 Ml",45.35,5048372854925233,Pinara
201,Loralee,Maddra,Puree - Blackcurrant,41.36,5048375270216459,Brněnec
202,Ellette,Huddleston,"Juice - Clam, 46 Oz",93.72,5108755833123028,Ikeja
203,Sibylla,Leggin,"Tendrils - Baby Pea, Organic",91.03,5048375593141467,Washington
204,Jarid,Bailey,French Kiss Vanilla,40.91,5048375039551493,Ubinskoye
205,Jennifer,Realy,Paper Towel Touchless,4.59,5108751442204010,Södertälje
206,Paxton,Fidilis,"Coke - Classic, 355 Ml",84.58,5108755447634006,Offa
207,Jocko,Novill,Brandy Apricot,28.21,5108759767292866,Kalimeneng
208,Taber,Joselson,Energy Drink Bawls,69.91,5108756012427404,Chile Chico
209,Humberto,Dayer,Veal - Osso Bucco,76.45,5108759616018777,Bentengjawa
210,Silvie,Hemphill,Pastry - Banana Muffin - Mini,97.35,5108750980098578,Pamoyanan
211,Aurilia,Finders,Wine - Zinfandel California 2002,72.09,5108751529888289,Lacroix-Saint-Ouen
212,Tressa,Tesimon,Soupcontfoam16oz 116con,92.21,5108758676955241,Szeged
213,Caryn,Rosenhaus,Raspberries - Frozen,88.98,5108752267916241,Pamatang
214,Kyle,Brothers,French Kiss Vanilla,94.22,5108752320238831,Zgłobień
215,Jamill,Dowdney,Canadian Emmenthal,70.06,5048370963443981,Poções
216,Kale,Oluwatoyin,"Lamb - Whole, Fresh",55.54,5108758634233608,Caocun
217,Cherida,Housley,"Ecolab - Orange Frc, Cleaner",90.86,5108753217697618,Jinshan
218,Giffy,Kittless,Tia Maria,30.1,5108753419098078,Ixopo
219,Abbe,Allmond,Green Scrubbie Pad H.duty,66.37,5048373316456460,Jiaqiao
220,Kora,De Cruz,Wine - Chablis J Moreau Et Fils,94.69,5048377712178362,Pyapon
221,Kenna,Yushin,Table Cloth 54x54 White,31.75,5108750362128241,Bom Despacho
222,Sibyl,Winslow,Vaccum Bag 10x13,53.74,5108755417492294,Mohelno
223,Zonda,Deeks,Bacardi Breezer - Strawberry,67.26,5048370217088657,Mogi das Cruzes
224,Jewel,Peete,Pastry - Lemon Danish - Mini,69.76,5048374776274526,Kamyshin
225,Janka,Millichap,Curry Paste - Madras,50.24,5048379656357002,Muzambinho
226,Filmore,Mains,Flour - Pastry,4.84,5108751540686050,Czechowice-Dziedzice
227,Page,Simioli,Quiche Assorted,65.5,5048375754226834,Bairro de Santo António
228,Abrahan,Hedley,"Sauce - Soya, Dark",25.64,5108757067826086,Isulan
229,Ailina,Bursnall,Wine - Alsace Riesling Reserve,48.27,5048372040309904,Nkandla
230,Myrilla,Deport,Veal - Osso Bucco,13.84,5048372659399006,Mapulo
231,Duke,Philippault,"Pasta - Spaghetti, Dry",67.33,5048378824418696,Toulouse
232,Alli,Brackenridge,"Extract - Vanilla,artificial",61.78,5048374079906857,Caspisapa
233,Netty,Esh,"Pork - Loin, Bone - In",26.73,5048370597474097,Vorzel’
234,Sullivan,Mapledoram,Bandage - Flexible Neon,75.11,5048370984454561,Milanówek
235,Tanhya,Sevin,Bacardi Breezer - Tropical,2.83,5048374721575738,Wilwerwiltz
236,Vick,Depka,"Tart Shells - Barquettes, Savory",97.99,5108755556311081,Cinunjang
237,Drucill,Wringe,Soup Campbells Split Pea And Ham,82.92,5108756007462788,Bao’an
238,Evangelin,Osmund,Flour - All Purpose,42.58,5108757724507699,Dolní Kounice
239,Erek,Cino,Cod - Fillets,59.65,5048370617065255,Longxing
240,Trumann,Wallentin,"Pork - Sausage, Medium",55.33,5048371469245086,Baoshan
241,Emanuele,McGillivray,Cake - Cake Sheet Macaroon,25.77,5108759938155927,Ishiki
242,Allan,Lant,"Wine - Magnotta - Red, Baco",95.7,5048371092799798,Kuzhuping
243,Matthus,MacDirmid,Wild Boar - Tenderloin,78.03,5108752063463117,Strzelce
244,Cookie,Begin,Island Oasis - Lemonade,36.83,5048373697170276,Curahpacul Satu
245,Sigfrid,Hambelton,"Wine - White, Antinore Orvieto",42.27,5108753257521256,Buenaventura
246,Glynda,Poad,"Juice - Clam, 46 Oz",89.62,5048378706955989,Wuxia
247,Sheilah,Draycott,Celery,43.1,5108754416310524,Menzel Bourguiba
248,Ann,Plues,"Beans - Kidney, Canned",62.23,5048371945482832,Krosno Odrzańskie
249,Ronica,Yuryichev,Stock - Fish,98.83,5108755520127456,Río Colorado
250,Carlynn,Sprakes,Wine - Trimbach Pinot Blanc,42.84,5108756429901322,Robatal
251,Stevie,Eppson,Avocado,94.26,5048373487615845,Krajan Kedungsalam
252,Davina,Derell,Chicken - Whole,6.24,5108758588400625,San Julian
253,Estrella,Fone,Beer - Maudite,6.43,5048370354472557,Pīr jo Goth
254,Solomon,Madison,Shortbread - Cookie Crumbs,27.03,5108755967102129,Itanhandu
255,Holli,Coulston,Ham - Cooked,9.85,5108759445141881,Bourg-en-Bresse
256,Jammal,Rollo,Juice - Lagoon Mango,46.69,5108757954391244,Avignon
257,Zelig,Trappe,Pastry - Lemon Danish - Mini,22.59,5108750202229837,Otradnaya
258,Tod,Azam,Drambuie,68.31,5048378090758551,Velingrad
259,Orelle,Egan,Jam - Raspberry,51.39,5048374852530957,Hroznětín
260,Grata,Trappe,"Jam - Marmalade, Orange",64.87,5048370765385034,Newton
261,Ansley,Frail,Cinnamon - Stick,8.77,5048377519309210,Wichita
262,Basilio,Chuney,"Trout - Hot Smkd, Dbl Fillet",93.09,5048370006127914,Shanghang
263,Yuma,Cullon,Truffle - Peelings,15.28,5108750975640442,Jingyu
264,Elga,Boots,Lamb Rack - Ontario,99.44,5108754157609878,Malko Tŭrnovo
265,Dorian,Dugmore,Shiro Miso,69.53,5108755598469079,Seixal
266,Bank,Strafford,Kumquat,2.99,5108750741380034,Dikson
267,Percy,Clemson,Sprouts - Corn,25.19,5108759230492242,Sharm el-Sheikh
268,Pepe,Roundtree,"Wine - White, Colubia Cresh",85.68,5048375914691836,Järvakandi
269,Chance,Filppetti,"Soup - Campbells, Minestrone",79.49,5108755593270431,Suay
270,Bertine,Rowson,Glass Clear 7 Oz Xl,30.78,5048375157215244,Tisul’
271,Karlotte,Ganning,Wine - Gato Negro Cabernet,85.07,5108755817037699,Castanheira de Pêra
272,Gerard,Ricket,"Split Peas - Green, Dry",50.31,5108756934531069,Qingshui
273,Griselda,Dawdary,Papadam,61.79,5048377811984785,Perth
274,Skippy,Dukes,"Veal - Leg, Provimi - 50 Lb Max",28.77,5048377315972781,Sinjhoro
275,Ange,Points,Ginsing - Fresh,60.21,5108752643344787,Caen
276,Stanton,Yvens,Mortadella,77.32,5108751907161457,Wangmeng
277,Bartel,Mateo,Pails With Lids,76.49,5108755799863302,Darband
278,Delano,Drogan,Lobster - Base,49.93,5108755279483936,Chigasaki
279,Cordie,Quare,Carbonated Water - White Grape,6.67,5108754717530788,Shatoujiao
280,Ashleigh,McLay,Creme De Menthe Green,10.7,5108755973826448,Jiaoqiao
281,Blayne,Ferron,Tea - Herbal - 6 Asst,68.61,5108756780132152,Bitobe
282,Alejoa,Mackneis,Cinnamon - Stick,79.33,5048377610152956,Крива Паланка
283,Candra,Turbefield,"Beef - Ground, Extra Lean, Fresh",31.02,5108757097958313,Saukkola
284,Cris,Quare,Tart - Butter Plain Squares,41.48,5048372755004567,Roissy Charles-de-Gaulle
285,Jaime,Hugnet,Wine - Magnotta - Cab Sauv,8.93,5048379480306399,Mintang
286,Tades,McLoughlin,Appetiser - Bought,91.23,5048375603761569,Tungguwaneng
287,Gabrielle,Plaster,Wine - Cousino Macul Antiguas,98.14,5108750120071204,Bauta
288,Geneva,Dunsleve,Pepper - Red Thai,95.19,5108750013670617,Béja
289,Rici,Yegorchenkov,Lobster - Tail 6 Oz,97.32,5048379906451506,Oelui
290,Juliann,Goodfellowe,Sausage - Andouille,20.47,5048378158940422,Fusagasuga
291,Paulette,Mapledorum,Sobe - Green Tea,10.2,5108756502893057,Hejia
292,Elden,Bendik,Pastry - Banana Muffin - Mini,79.46,5108757245214528,Bogor
293,Linette,Burnsyde,Cleaner - Comet,69.59,5048373429662764,Arbaoua
294,Maximilian,Hars,Wine - Zinfandel California 2002,1.38,5108754862611755,Malishka
295,Stan,Bawcock,Napkin - Beverage 1 Ply,91.29,5108755560314170,Galatás
296,Bertine,Everill,Cheese - Provolone,36.77,5108758313775507,Podgornaya
297,Meghan,Vuittet,Nantucket Cranberry Juice,56.83,5108755299472356,Fareydūnshahr
298,Karil,Weaver,Tea - Camomele,41.09,5048377136374605,Sukawening
299,Chaunce,Le Gall,Apple - Custard,7.24,5048370427640099,Maych’ew
300,Sibby,Ferreres,Capers - Pickled,57.46,5048373455034813,Leiden
301,Rossy,Rubenchik,Chives - Fresh,44.58,5048374142112723,Cikaludan
302,Matty,Hasley,Rice - Wild,22.38,5108756669891712,Stavyshche
303,Bonnee,Simison,Beets - Mini Golden,41.07,5108753563255417,Zhangxiong
304,Kelly,Aldin,Grenadillo,9.52,5048371603451897,Alcoy
305,Anneliese,Natt,Longos - Burritos,33.49,5108757834550852,Krajan Suco
306,Colin,Oxbe,Bread Sour Rolls,17.09,5108753921380394,Vecpiebalga
307,Farlie,Bentall,Greens Mustard,77.22,5048373459327346,Poitiers
308,Calida,Wolstencroft,Coffee Cup 12oz 5342cd,36.86,5048376324568044,Tours
309,Robenia,Mongenot,Ecolab - Hobart Washarm End Cap,24.75,5108750940113921,Kebonsari
310,Suzanne,Hawson,Wine - Baron De Rothschild,98.9,5108750190608091,Pak Phanang
311,Phil,Clementson,Muffin Puck Ww Carrot,23.58,5048379283842228,Mikulovice
312,Michaela,Brastead,"Pail - 4l White, With Handle",23.75,5108756765244089,Hadžići
313,Ardisj,Brightman,Wine - Chablis 2003 Champs,68.2,5048378909961867,Bellavista
314,Michelle,Bilsborrow,Rice Paper,58.46,5108757609224626,Charleville-Mézières
315,Clarita,Steptoe,Pepper - Pablano,3.04,5108753106273851,Fengcheng
316,Jeanette,Gatchell,Cassis,84.4,5048370410048193,Caldono
317,Hermie,Boult,Irish Cream - Butterscotch,79.32,5048378340790115,São Manuel
318,Aleda,Pelham,Cookies - Fortune,67.58,5108750895694727,Luoqi
319,Willi,Castanaga,"Butter - Salted, Micro",91.35,5048370258662873,Dingjia
320,Wallis,Ivanyukov,Clementine,49.89,5048370316599265,Tambangan
321,Leandra,Landal,Celery Root,59.24,5048373181747555,Khorlovo
322,Addie,Adds,Cauliflower,9.74,5048377517300278,Babice
323,Arabela,Airlie,Skewers - Bamboo,86.63,5108755254493496,Mirotice
324,Mikael,Mansour,"Lemonade - Black Cherry, 591 Ml",63.86,5048376677466713,Huaihua
325,Andromache,Judkin,"Chocolate - Pistoles, White",81.7,5048371287000184,Slovenska Bistrica
326,Virgil,Beckles,Extract - Rum,12.43,5048370261039242,Cankova
327,Stephani,MacDermot,"Seedlings - Buckwheat, Organic",79.23,5108751281191625,Baiyangwan
328,Rick,Kort,Chicken - Wieners,87.29,5048376368522519,Central
329,Curt,Titley,Flower - Commercial Spider,31.71,5108752867417715,Sibinal
330,Xylina,Janikowski,"Tortillas - Flour, 10",30.96,5048370225553023,Pampierstad
331,Brenden,Shoesmith,Trout - Smoked,6.17,5108759371418105,Qianwei
332,Cacilia,Cavanaugh,"Mop Head - Cotton, 24 Oz",4.63,5048378236584317,Shilong
333,Sadye,Arnault,Ostrich - Prime Cut,11.77,5048375542655005,Kuala Terengganu
334,Dora,Papaccio,Juice - Apple Cider,73.1,5048374803883760,Maojiadian
335,Tarrah,Denerley,Tuna - Fresh,78.24,5048372183776539,Viesīte
336,Katti,Nockalls,Oil - Olive Bertolli,11.84,5108755631475570,Rehnān
337,Artemis,Vowdon,Apples - Spartan,35.58,5048376566609050,Jiuguan
338,Dene,Tremayne,Veal - Eye Of Round,73.94,5108756150648415,Huayucachi
339,Rebeca,Matton,Cloves - Whole,35.87,5048378058882526,Zwedru
340,Patrizius,Kirsch,Cheese - Pied De Vents,26.44,5048379674872222,Kapsan-ŭp
341,Janeczka,Craske,"Vermacelli - Sprinkles, Assorted",48.73,5108759851501008,Etten-Leur
342,Grissel,Denial,Veal - Slab Bacon,10.42,5048379185036416,Mabuttal East
343,Morry,O'Scandall,Bread - Assorted Rolls,50.33,5048370679969303,Piasek
344,Monroe,Bilyard,Curry Powder Madras,94.4,5108756970016991,Canghou
345,Gabriell,Comberbach,Sun - Dried Tomatoes,23.41,5048373427267889,Sanshilipu
346,Dorisa,Rides,Cookies - Englishbay Oatmeal,85.91,5108756779561460,Toledo
347,Ellwood,Comoletti,Pork - Side Ribs,66.96,5048370075835447,Daoxu
348,Walker,Rosendorf,Whmis Spray Bottle Graduated,84.38,5048379582991767,Tillabéri
349,Kain,Manville,Fudge - Chocolate Fudge,71.65,5108753350908095,Gorzyce
350,Balduin,Joll,Wine - Rioja Campo Viejo,87.28,5108751207852334,Rat Burana
351,Reese,Baythorp,Pasta - Cheese / Spinach Bauletti,91.95,5048379974181787,Rušanj
352,Maggie,Peal,"Pork - Sausage, Medium",40.0,5108759382264431,Xinli
353,Francyne,Culshew,Neckerchief Blck,49.25,5108752548938071,Segong
354,Claretta,Seawright,Soup - Campbells Beef Strogonoff,32.91,5048374074807639,Hinthada
355,Kenton,Blunsen,"Yogurt - Peach, 175 Gr",70.94,5048376313469105,Roberval
356,Milka,Nicholas,Beans - Kidney White,92.37,5108755431290666,Mandapajaya
357,Selina,Goggen,Rabbit - Whole,64.74,5108754205376926,Paruro
358,Yevette,Lionel,Table Cloth 72x144 White,98.74,5048371443614894,Sedayu
359,Cathi,Nutt,"Doilies - 8, Paper",38.29,5108757278492769,Gōtsuchō
360,Budd,Vallentine,Shrimp - Black Tiger 8 - 12,13.52,5048379469774559,Korsakovo
361,Daven,Pendell,Lamb Rack Frenched Australian,97.01,5108752238017343,Lagoa do Itaenga
362,Isacco,Gofton,Duck - Whole,94.99,5048371968727279,Karabash
363,Cliff,Lamke,Corn - Mini,47.52,5048373676306123,Dongmafang
364,Hermione,Ferronel,Bagel - Everything,52.02,5108758425224196,Guarujá
365,Nessie,Dreghorn,Pears - Bosc,75.61,5108757718848737,Maishi
366,Warren,Luggar,Neckerchief Blck,37.13,5048374874201116,Ambelón
367,Marthe,Island,Veal - Loin,73.3,5048374304472881,Bobigny
368,Maribeth,Osboldstone,Mace Ground,25.92,5108757218828106,Xinhua
369,Cyril,Downton,Kiwi Gold Zespri,28.67,5048370911700631,Montréal
370,Crista,Tidcomb,"Soup - Knorr, French Onion",76.91,5048376036026505,Ojiya
371,Katey,Raspison,Energy Drink - Franks Pineapple,71.05,5108755777904367,San Martin
372,Dunn,Benezeit,Wine - Champagne Brut Veuve,83.61,5048373442286955,Sandyford
373,Shelby,Nemchinov,Sardines,57.15,5108756291286174,Birayang
374,Anet,Chittock,Meldea Green Tea Liquor,3.8,5048376270878611,Yong’an
375,Esdras,Roots,Lamb Rack Frenched Australian,89.2,5108757026369277,Tuanfeng
376,Ricardo,Struys,Fondant - Icing,26.63,5108754941472161,Shigony
377,Gareth,Daleman,Dikon,25.32,5048375765538839,Krajan Gajahmati
378,Marti,Edgerton,Bacardi Limon,49.6,5108753842652541,Novoselec
379,Ingrid,Cathrall,"Gin - Gilbeys London, Dry",41.19,5048378440585217,Yangsha
380,Michael,Gonning,Initation Crab Meat,92.07,5048378391863662,Chư Ty
381,Kippy,Cerith,Cups 10oz Trans,25.15,5108758508421628,Chelbasskaya
382,Morley,Wallen,Flour - Strong Pizza,83.67,5108756011805428,Yangjiao
383,Roseann,Crutchley,Trout - Smoked,47.61,5108750003110764,Mahaica Village
384,Kamilah,Axford,Beef - Sushi Flat Iron Steak,6.75,5048377321344306,Vostok
385,Jacqueline,Stonham,Potatoes - Mini Red,78.46,5108750920528999,Arwād
386,Juana,Mayte,"Bread - Multigrain, Loaf",60.17,5048373540471574,Ekerö
387,Tandie,Gleader,Cheese - Goat,2.29,5108754596415580,Pittsburgh
388,Igor,Guislin,Wine - Conde De Valdemar,99.78,5048370803931229,Chimbote
389,Harriott,Robins,Marzipan 50/50,46.17,5048371732724180,Isahaya
390,Charlotte,Stobbe,"Rum - Spiced, Captain Morgan",20.12,5048375218436201,Al Mijlad
391,Shoshana,Stockle,Bread - White Epi Baguette,88.03,5048372812488886,Waipawa
392,Cicely,Lomen,Truffle Cups - Brown,36.44,5108758414954688,Tamnag
393,Prince,Hassekl,Cheese - Augre Des Champs,49.38,5048373216570386,Depapre
394,Ashley,Tugwell,"Leeks - Baby, White",63.5,5048374526587136,San Onofre
395,Florella,Laverock,Water - Green Tea Refresher,71.03,5108756490737969,Jinzhou
396,Claus,Marriage,"Melon - Watermelon, Seedless",93.92,5108755672626552,Iquique
397,Clarinda,Waker,Island Oasis - Peach Daiquiri,63.65,5108759107749443,Inta
398,Rebekah,Rigolle,Glucose,21.92,5108756742088518,Xilanqi
399,Kakalina,Manby,Wine - Pinot Noir Pond Haddock,77.39,5048373098648417,Mashan
400,Melody,Roscher,Sauce Bbq Smokey,31.12,5108757566482225,Yiyang
401,Renata,Kuhnwald,"Chocolate - Pistoles, Lactee, Milk",91.25,5048372298380201,Primorskiy
402,Carolan,McCaughen,"Fish - Atlantic Salmon, Cold",86.82,5048378504620181,Palaiópyrgos
403,Haskell,Ferro,Mushroom - King Eryingii,81.49,5048371753326386,Baisha
404,Veronique,Feldstein,Lemonade - Pineapple Passion,37.61,5048374434597938,Moroni
405,Gareth,Jennaroy,Wine - Vineland Estate Semi - Dry,90.56,5048370992974154,Riangblolong
406,Kitty,Wardel,Ecolab - Mikroklene 4/4 L,72.71,5108753710571625,Jiwei
407,Nari,Poulett,Beef - Sushi Flat Iron Steak,99.96,5048375967932004,Huifeng
408,Wenona,Vaulkhard,Pepper - Roasted Red,37.79,5048378824849668,Tyrnyauz
409,Flory,Kahn,Spice - Paprika,98.06,5048372142155676,Sabon Gari-Nangere
410,Mildrid,Bromfield,"Pork - Loin, Bone - In",8.57,5108756777211167,San Ramón de la Nueva Orán
411,Chery,Storrs,Extract - Almond,5.53,5048373104617851,Miejska Górka
412,Jeffry,Fforde,Magnotta Bel Paese Red,92.45,5108753663848863,Khalkhāl
413,Clive,Aish,"Cherries - Bing, Canned",16.25,5108759014760483,Perlez
414,Geordie,Patterson,Soup - Cream Of Potato / Leek,56.35,5108750461042186,Al Bayḑā’
415,Angel,Alberts,Egg Patty Fried,21.49,5108753551660024,Candelaria
416,Emanuel,Enderson,"Cookies - Oreo, 4 Pack",86.86,5048375433128161,Gaoping
417,Olga,Darton,Beef - Tenderloin - Aa,9.5,5048374913795235,Aranhas
418,Nana,Ramble,Cleaner - Pine Sol,85.07,5048375899948318,Kalilangan
419,Rosemary,Drover,Table Cloth 53x53 White,15.67,5108754758389284,Néa Ankhíalos
420,Elden,Greenhaugh,Spic And Span All Purpose,58.4,5048375289267196,Chelgard
421,Josselyn,Donavan,Bread - Sour Sticks With Onion,78.54,5048371449108354,Tuanjie
422,Woodman,Brands,Chickhen - Chicken Phyllo,68.8,5048371307526788,Leramatang
423,Nefen,Splain,The Pop Shoppe - Cream Soda,29.88,5108752794048104,Baie-Comeau
424,Alva,Delucia,"Pail - 15l White, With Handle",80.14,5048374062240496,Progreso
425,Michele,McTrustey,Juice Peach Nectar,48.72,5048372716664699,Chantal
426,Thedric,Jain,"Doilies - 5, Paper",56.15,5048377998110741,Tugusirna
427,Kane,Simonou,Fruit Salad Deluxe,72.69,5108759326313062,Białołeka
428,Damiano,Novic,"Pasta - Penne, Lisce, Dry",74.9,5108752109699732,Sātkania
429,Lenee,Galpen,Tarragon - Fresh,77.86,5108750580009348,Canggou
430,Floris,Benka,Beef Ground Medium,43.12,5108756810466794,Žlutice
431,Nestor,Cruce,"Pepper - White, Ground",4.6,5048379944544692,Oslo
432,Ealasaid,Rooke,Bag - Clear 7 Lb,29.48,5108750162168264,Timon
433,Theo,Lumbly,Fennel - Seeds,77.7,5108758745312242,Żychlin
434,Fabe,Aleavy,Nacho Chips,78.34,5108752884327186,La Carlota
435,Gallagher,McOwan,Pastry - Apple Muffins - Mini,14.27,5048375088022305,Pyatigorsk
436,Carl,Swanton,Chocolate - Compound Coating,21.68,5108759056590582,Furukawa
437,Theodosia,Duffrie,"Brandy - Orange, Mc Guiness",81.88,5048379510918056,Pokrzywnica
438,Arnold,Pauler,Dried Peach,30.75,5048379401373429,Aş Şalw
439,Tracy,Parley,Cilantro / Coriander - Fresh,11.44,5048378720414286,Shakhta
440,Hy,Lambertazzi,Cabbage Roll,11.05,5048370747784429,Quintas
441,Minnaminnie,Herries,Mushroom Morel Fresh,13.16,5108756859618131,Saint-Julien-en-Genevois
442,Elinore,Bocock,Trout - Smoked,41.42,5048372544647999,Pandak
443,Anselma,Bugge,Broccoli - Fresh,82.92,5108758095340793,Yamazakichō-nakabirose
444,Irwin,Pierrepont,Paper - Brown Paper Mini Cups,82.25,5048373003391632,Illela
445,Pamela,Duchan,Beef - Flank Steak,69.25,5108751771667225,Cikaung
446,Kathie,Shaxby,Mint - Fresh,60.48,5048372196693788,Sukoanyar
447,Huntlee,Izzard,"Plate - Foam, Bread And Butter",28.1,5108759209781211,Xiayang
448,Domingo,Digby,Beer - Corona,6.9,5048377166969183,Chiba
449,Kaia,MacGrath,Sobe - Liz Blizz,59.95,5108758070881787,Yefremov
450,Wendell,Heaford,"Quail - Eggs, Fresh",95.7,5048371148902263,Cisadap
451,Richie,Trulock,"Pasta - Penne, Rigate, Dry",95.61,5048379035268318,El Bolsón
452,Ettore,Ungerer,Okra,84.9,5108758015169165,Shādegān
453,Kylila,Cornels,Carrots - Jumbo,97.68,5048379376927308,Yatsuomachi-higashikumisaka
454,Franni,Brenton,Water - Spring Water 500ml,39.83,5108753050602600,Sylvan Lake
455,Phineas,Allison,"Soup - Beef, Base Mix",99.27,5048379977389098,Bor
456,Isidore,Reast,Tandoori Curry Paste,96.98,5108753079713198,Tambalisa
457,Locke,Cason,"Loaf Pan - 2 Lb, Foil",25.18,5108759661751272,Utsunomiya-shi
458,Celene,Straniero,Tuna - Loin,93.64,5108750906154224,Ardabīl
459,Danyette,Symcox,Extract - Lemon,96.84,5108752158673539,Agodim
460,Helga,Silly,Wine - German Riesling,19.84,5108750628750135,Boulogne-Billancourt
461,Frederica,Gorrie,Rice - Sushi,92.84,5108754639236266,Alivéri
462,Francesco,Klosser,Wine - Jaboulet Cotes Du Rhone,30.92,5108750425120227,Lidköping
463,Heddie,Norrington,Appetizer - Cheese Bites,33.91,5108756030994963,San Jose Village
464,Ynes,Feeny,Cup - Translucent 7 Oz Clear,17.6,5048372478218171,Sruki
465,Sara,Hamlen,Parsley Italian - Fresh,36.36,5048379734432769,Lashma
466,Lorettalorna,O'Fihily,Sauce - Vodka Blush,30.12,5048370402753966,Moutsamoudou
467,Augustine,Artharg,Spice - Greek 1 Step,2.87,5108753241879935,Jiushe
468,Orelia,Perrett,Mayonnaise,68.93,5048375846451929,Belo sur Tsiribihina
469,Humbert,Treby,Noodles - Steamed Chow Mein,40.34,5048374777263924,Straldzha
470,Karoly,Tills,Spic And Span All Purpose,93.27,5048370473856946,Aksu
471,Desirae,Avramovic,Cake - Miini Cheesecake Cherry,57.78,5048373788755431,Lakkíon
472,Wilmar,Hiddersley,"Soup - Knorr, Ministrone",33.46,5048373888046061,Isnos
473,Shoshanna,Onn,"Juice - Grapefruit, 341 Ml",64.32,5048370289989329,Tiepu
474,Horatio,Inskipp,Star Fruit,1.74,5048379647970095,Kopashnovo
475,Barnett,Checklin,Dasheen,88.22,5108752917777035,Sidaharja
476,Chaim,Sperling,Honey - Comb,70.03,5048378747294166,Dawan
477,Zacharie,Aykroyd,"Pepper - Chillies, Crushed",59.49,5048375852594273,Fradelos
478,Jose,Sowden,Longos - Assorted Sandwich,4.44,5048372609340423,Winangun
479,Leland,Donlon,Mushroom - Crimini,22.97,5048375586945577,Trasak
480,Annabel,McNeice,Wine - Crozes Hermitage E.,85.21,5108757210140559,Zhouzai
481,Cathrine,Benedicto,Bouq All Italian - Primerba,19.98,5048378841471108,Xinglong
482,Nadine,Thecham,Wine - Rhine Riesling Wolf Blass,40.92,5108750393459110,Samanggen
483,Luciana,Pitherick,Cheese - Fontina,71.32,5108753511391462,Trubchevsk
484,Jolynn,Hamshar,"Flour - Bran, Red",6.28,5108758864113942,Taiqing
485,Gianina,Theis,Venison - Striploin,46.69,5108759007319321,Chruszczobród
486,Goran,Loton,Coconut - Whole,5.45,5048371995098587,Lanzhong
487,Agretha,Beeswing,Bread - Pumpernickel,88.71,5108751212739856,Dzoraghbyur
488,Jordain,Brownbridge,Veal - Inside,45.39,5048375653517556,Pedra Furada
489,Elmer,Mongenot,Trueblue - Blueberry Cranberry,88.5,5048375388632837,Anwen
490,Lena,Mattioli,Pork - Sausage Casing,80.85,5048377056010312,Castanheiro do Sul
491,Angeli,Heaffey,Wasabi Powder,86.04,5108758531042839,Konstantinovskoye
492,Blaire,Bentinck,Bacardi Limon,11.23,5108759656683217,Saray
493,Gabriel,Hornung,Raisin - Dark,58.93,5108751335853469,Cibenda
494,Gerik,Clair,Juice - Ocean Spray Kiwi,33.53,5108758270198883,Labuhan
495,Mei,Luxmoore,Onions - Spanish,92.5,5108755410169220,Lazaro Cardenas
496,Simonne,Oulet,"Pesto - Primerba, Paste",18.4,5048374333801241,Yonkers
497,Laverna,Inkles,Flour - Masa De Harina Mexican,71.46,5108758731736560,Nanxing
498,Tiertza,Flude,Sauce - Plum,22.88,5108758377444578,Sadská
499,Vassili,Caldecott,Wine - Chablis J Moreau Et Fils,79.98,5048371613041258,Changjiang
500,Rosella,Briscam,Taro Leaves,35.63,5108751761546512,Pak Thong Chai
501,Daron,Brickdale,Rice - 7 Grain Blend,43.79,5048379229592051,Hujra
502,Maje,Bickmore,Eggwhite Frozen,80.38,5048371445419680,Hezuoqiao
503,Lilli,Bromley,Lettuce - Arugula,99.08,5108751440476123,Gaigeturi
504,Kennedy,Wyss,Chinese Foods - Thick Noodles,46.91,5048376691996414,Juru
505,Ginny,Moggle,"Pasta - Bauletti, Chicken White",58.16,5048372256676954,Phichit
506,Hilde,Gillopp,Pepper Squash,81.88,5108750520141425,Sanxianling
507,Steffane,Palethorpe,"Sauce - Soya, Dark",52.51,5108751992866960,Huangtang
508,Gisela,Stanbridge,"Roe - Lump Fish, Red",83.41,5048374786973000,La Esperanza
509,Maynard,Oneal,Soho Lychee Liqueur,57.96,5048378308662660,Satu Nou
510,Ulrich,Dallywater,Horseradish - Prepared,51.36,5048376701947944,Krasnoye
511,Davine,Lean,Sauce - Chili,41.92,5048374065414700,Valparaíso
512,Brittany,Grishunin,Wine - Barolo Fontanafredda,53.36,5048378161704666,New Panamao
513,Lorry,Frosdick,Phyllo Dough,60.44,5108756804621974,Tenkodogo
514,Staci,Extance,Cherries - Fresh,11.67,5108752895509368,Bruxelles
515,Lindsay,Trevett,Ginger - Ground,82.77,5048376768347145,Añatuya
516,Cherry,Downage,Lady Fingers,49.27,5048372995738032,Sanshilipu
517,Deeanne,Pearde,"Wine - White, Concha Y Toro",11.94,5108759066599797,Voznesenskaya
518,Lelah,Gavigan,Sauce - Oyster,44.91,5108753186711358,Yelenendorf
519,Bili,Lancastle,Lid - 0090 Clear,12.09,5108750010118339,Zlatograd
520,Laughton,Forst,Veal - Striploin,1.66,5048377499873417,Tangwāni
521,Myriam,Balk,"Wine - Red, Cooking",45.68,5048376212043712,Shuiquan
522,Boycey,Enrich,Celery,79.3,5108754218709881,Shijing
523,Aylmar,McMaster,White Fish - Filets,33.02,5048374015051081,Páno Polemídia
524,Jodi,Cumpton,Chips Potato Swt Chilli Sour,33.82,5108753599291220,Zhuge
525,Armin,Hannay,Ice Cream - Vanilla,90.25,5108752375250061,Calgary
526,Cathrin,Van Weedenburg,"Juice - Apple, 500 Ml",11.27,5048379292253847,Zhentian
527,Minnie,Selway,"Bread - Pumpernickle, Rounds",87.33,5048370605560879,Bambor
528,Lloyd,Ault,Veal - Knuckle,53.3,5048375444873797,Shuiyuesi
529,Drusy,Ivens,Capicola - Hot,9.37,5108754505979866,Dobruševo
530,Lamar,Klyner,Lettuce - California Mix,73.58,5048373300723461,Knivsta
531,Allard,Maskelyne,Bacardi Raspberry,26.69,5048371094964002,Guilin
532,Valaria,Andrich,Cup - 8oz Coffee Perforated,82.68,5048372643198738,Aipe
533,Elicia,Isitt,Bouq All Italian - Primerba,63.45,5048373831191394,Suresnes
534,Burtie,Saile,Cheese - Parmigiano Reggiano,99.67,5108757745437637,Longxing
535,Ben,Harness,Herb Du Provence - Primerba,77.42,5048371839122338,Saint-Ambroise
536,Ramsay,Densumbe,Curry Powder Madras,7.2,5048374630737973,Ceres
537,Orin,Giacometti,Oysters - Smoked,37.23,5108759037957116,Lazi
538,Mohammed,Knights,Sauce - Ranch Dressing,21.1,5048372013527094,Biasong
539,Nicolea,Readhead,Table Cloth 81x81 White,8.74,5048377973085306,Dongli
540,Katusha,Fitzpatrick,Tomato - Green,23.24,5048374936174608,Sapataria
541,Wylie,Esp,Cake - Bande Of Fruit,22.36,5108754934292048,Babice
542,Ingunna,Kilvington,Lemon Tarts,72.53,5108751596764611,Pidhaytsi
543,Tillie,Keep,Bagelers - Cinn / Brown Sugar,26.64,5108755233539500,Xushuguan
544,Caterina,Penni,"Nut - Walnut, Pieces",14.92,5048377072351567,Huité
545,Franciskus,Fletcher,Roe - Flying Fish,83.46,5108758551602074,Sumuragung
546,Andria,Dawson,Turkey - Ground. Lean,12.78,5108752862972995,Lyon
547,Lucien,Bartolomeotti,"Mushroom - Enoki, Fresh",76.57,5048379011087120,Yaogou
548,Micah,Pavis,Avocado,56.12,5048374844327777,Doctor Juan León Mallorquín
549,Golda,Glander,Pastry - Plain Baked Croissant,53.87,5048371490814439,Yenakiyeve
550,Onfre,Bench,"Wine - White, Pelee Island",57.95,5108757548865844,Nayoro
551,Darlleen,Breznovic,Sambuca Cream,52.02,5048373341633612,Chorkówka
552,Shayne,Records,The Pop Shoppe - Lime Rickey,38.53,5108755170663248,Sidomekar
553,Marcy,Ziemens,Shortbread - Cookie Crumbs,25.27,5048374819798101,Bayt Ta‘mar
554,Erl,Pinkerton,Pate - Cognac,44.99,5048376922738668,Ntoum
555,Ransell,Osbidston,Pepper - Red Bell,67.09,5108753404313771,Molde
556,Corbie,Gladyer,Zucchini - Green,21.9,5108758797062695,Huangascar
557,Roberto,Newbatt,"Pork - Loin, Boneless",31.39,5048376284516769,Shalang
558,Zonnya,Waistell,Crab Brie In Phyllo,8.03,5048377936519979,Mozhaysk
559,Tamra,Ainsworth,Cream - 18%,41.89,5108758504551477,Manta
560,Vally,Kleinsinger,Lamb Rack Frenched Australian,60.87,5108750284338142,Chuntai
561,Haleigh,Clayson,Piping Jelly - All Colours,48.96,5108754118278532,Hodoš
562,Fifine,Duffil,Gingerale - Diet - Schweppes,52.96,5048379896149854,Emiliano Zapata
563,Roze,Yakushkev,Jack Daniels,81.81,5048371350671804,Krajan Curahcotok
564,Rahal,Nozzolinii,Melon - Cantaloupe,37.5,5048377112852608,Gandra
565,Theresina,Crisford,Ecolab - Hobart Washarm End Cap,11.12,5048378928891426,Neskaupstaður
566,Brittaney,Piris,Tart - Lemon,75.45,5048370283095248,Ibadan
567,Leora,Joe,Chicken - Leg / Back Attach,97.38,5108757202222084,Lymanske
568,Rube,Stronghill,Beef Flat Iron Steak,92.09,5048375250390035,Djounie
569,Thebault,Cassel,Bread - Italian Corn Meal Poly,28.32,5108759957306658,Sundre
570,Melisse,Slot,Lamb Rack Frenched Australian,24.47,5048376251981046,Ostashkov
571,Hillyer,Filippazzo,Beef Cheek Fresh,93.37,5048373581226978,Khashuri
572,Moe,Lambertini,Bread - Multigrain Oval,69.38,5048378353401071,Jialu
573,Dolf,Lavington,Ecolab - Power Fusion,50.31,5108750524231495,Primero de Mayo
574,Clemmy,Rootes,Wine - Chablis 2003 Champs,93.8,5048377508898314,Daykitin
575,Pauly,Mullany,Wine - Cousino Macul Antiguas,18.85,5048379337222112,Banocboc
576,Erny,Seabourne,Pasta - Ravioli,38.57,5108750769188939,Yangon
577,Yance,MacCleod,Cod - Black Whole Fillet,56.6,5048379987377810,Kissónerga
578,Albie,Carding,Wanton Wrap,66.54,5108755411332538,Tunja
579,Jens,Kinzel,"Butter - Salted, Micro",56.3,5108759150623396,Kozhanka
580,Westbrook,Ogg,Wine - Toasted Head,43.29,5108751302191430,Genyem
581,Gaspard,Cradock,Lamb - Rack,38.04,5048372524053416,Plato
582,Arlen,Dorward,Wine - Jackson Triggs Okonagan,36.68,5108752442427965,Norrköping
583,Garald,Thorpe,Chinese Lemon Pork,3.77,5048374054453610,Kyenjojo
584,Lock,Vanyashin,Chivas Regal - 12 Year Old,1.54,5108755376984224,Canguçu
585,Rachael,Mottley,Daikon Radish,97.13,5108750559291034,Toba
586,Karel,Marchent,Pastry - Key Limepoppy Seed Tea,28.69,5108755490769766,Pasirbatang
587,Pavlov,Dupree,Kirsch - Schloss,88.56,5048377371272548,Sorang
588,Abbot,Ferrettini,Sausage - Liver,51.49,5048371277697650,Duyên Hải
589,Sheffie,Kingzet,Mushroom - White Button,74.07,5108758277158039,Genève
590,Jenifer,Penright,Appetizer - Cheese Bites,76.61,5048378774174943,Jinping
591,Shirline,Muscroft,"Split Peas - Green, Dry",31.17,5048372538833860,Atsugi
592,Piper,Willers,Basil - Thai,25.06,5048376334744817,Guayatá
593,Garrik,Tramel,Shrimp - Black Tiger 16/20,9.17,5048377570205422,Ell
594,Darwin,Bastone,Bread - Flat Bread,66.81,5108757983452116,Pacasmayo
595,Tansy,Lissandre,Tea - Decaf Lipton,93.28,5048377793056669,Longos
596,Ines,McCuis,Beef - Salted,23.95,5048379957944011,Ibiporã
597,Breanne,Arenson,Wine - Pinot Noir Pond Haddock,3.35,5108757289121555,Stockholm
598,Forester,Disdel,Oil - Avocado,32.57,5108750564040202,Zhangdu
599,Velma,Aspinwall,"Cheese - Boursin, Garlic / Herbs",93.83,5108756247428011,Tegalsari
600,Ulises,Rogan,Spaghetti Squash,90.14,5048375429526378,Suphan Buri
601,Nanete,FitzAlan,Salmon - Sockeye Raw,5.34,5048375295164494,Shirokovskiy
602,Bethena,Tallow,"Appetizer - Spring Roll, Veg",63.62,5048379247793350,Traganón
603,Freemon,Lecky,Pie Shell - 5,62.78,5108752132472453,Stung Treng
604,Clair,Grzeszczak,Pea - Snow,96.9,5048371075863041,Ecroignard
605,Liza,Francescoccio,Juice - Lagoon Mango,62.43,5048377300126328,Amherst
606,Mahalia,Blunsden,Sloe Gin - Mcguinness,84.3,5108752918864576,Tangguhang
607,Sid,Mabbutt,Beer - Camerons Cream Ale,4.61,5048372331589461,Checun
608,Karl,McNirlin,Molasses - Fancy,14.73,5048370545165185,Hemudu
609,Trudi,Felgate,Glass Clear 7 Oz Xl,52.34,5048371234303491,Kurumkan
610,Kathe,Thormwell,Pork - Bacon Cooked Slcd,97.25,5048375412379223,Qaryūt
611,Andree,Gilling,Longos - Grilled Salmon With Bbq,91.28,5048377974664646,Alubijid
612,Michail,Sawkin,The Pop Shoppe Pinapple,37.1,5048374204163861,Dongqiao
613,Cobby,Imison,Turnip - Mini,70.38,5108757614088388,Bulakgebang
614,Merralee,Jeromson,Veal - Provimi Inside,90.02,5048376596688702,Bacem
615,Adamo,Skillings,"Oil - Truffle, White",83.21,5108750540362704,Caibarién
616,Nero,Rubes,Chicken - Whole,81.99,5108756624069610,Tingsryd
617,Georgeanna,Rapaport,"Chicken - Leg, Fresh",39.06,5048374286636255,Palermo
618,Allissa,Aslett,"Sauce - Soya, Dark",71.33,5108759854067379,Aserrí
619,Miguela,McClory,Garbage Bags - Clear,55.35,5108759959650228,Luotang
620,Kristo,Alday,Barramundi,82.53,5048375239270977,Kraśnik
621,Koralle,Kollatsch,Muffin Mix - Blueberry,99.12,5108754130140082,Kumamoto
622,Merrick,Lantoph,"Sugar - Sweet N Low, Individual",63.99,5108756505151099,Shanhaiguan
623,Ophelia,Durran,Otomegusa Dashi Konbu,32.16,5108757873990571,Hova
624,Morlee,Byford,Turnip - Mini,5.53,5048370976947762,Ternate
625,Griff,Ipplett,"Oil - Food, Lacquer Spray",99.65,5048377887777386,Woloara
626,Clementius,Fullager,English Muffin,76.28,5108750465233609,Bogotá
627,Haily,Mazzia,Cup - 4oz Translucent,19.83,5108751658736614,Banatski Despotovac
628,Suzy,Chiechio,Flower - Dish Garden,27.37,5108754584365110,Jambubol
629,Alexis,Mingay,Sword Pick Asst,66.69,5048371655437364,Pallisa
630,Mora,Cardenoso,Tomatoes Tear Drop,40.98,5108750215052143,Jiangyan
631,Stillmann,Hesey,Lettuce - Romaine,20.38,5108753709976991,Qianshan
632,Stacia,Gildersleeve,Cookie Double Choco,76.4,5108751761741279,Liufang
633,Ahmed,Coleshill,Wine - Casillero Del Diablo,1.25,5048376539302924,Canela
634,Farleigh,Van Der Weedenburg,Pork Salted Bellies,44.31,5108756201985840,Namikupa
635,Raleigh,Heigho,"Soup - Campbells, Chix Gumbo",77.67,5048373286947431,Timóteo
636,Darren,Pero,Ecolab - Power Fusion,89.17,5108754502056650,Manis Mekarwangi
637,Art,Heeron,Oil - Hazelnut,27.19,5108755873543887,Louisville
638,Enoch,Grange,"Wine - Cahors Ac 2000, Clos",82.93,5048378721621475,Za‘tarah
639,Dacia,Jentle,White Fish - Filets,64.82,5108750940376627,Xiangshui
640,Dana,Metzig,"Liners - Banana, Paper",64.52,5108751495170050,Garang
641,Lockwood,Casina,Cleaner - Comet,28.54,5108753426842161,San Luis
642,Tobin,Boulger,"Oil - Truffle, White",23.96,5108759545427206,Shushicë
643,Poppy,Tomet,Carbonated Water - Blackcherry,88.73,5108752771545957,Miaotang
644,Paton,O' Mara,Beef - Kobe Striploin,75.32,5048372483566275,Lewo
645,Denver,Higgoe,Broom Handle,57.96,5108758858150736,Hinlayagan Ilaud
646,Celesta,Freke,Ice Cream - Super Sandwich,63.1,5108754595607807,Youxi Chengguanzhen
647,Terri,de Broke,Wiberg Cure,50.17,5048372122926807,Gaide
648,Phineas,MacGeaney,Venison - Striploin,10.18,5048377345142199,Tanggung
649,Ashbey,McGeorge,Cut Wakame - Hanawakaba,87.68,5048370519161848,Lipie
650,Sylvester,Shaddock,"Lid - 10,12,16 Oz",39.76,5108752115727337,Oslo
651,Kathe,Haylands,Peppercorns - Pink,73.94,5048379824368931,São Jerônimo
652,Rodolphe,Harlow,Cake - Sheet Strawberry,22.85,5108751340655867,Leluo
653,Man,Gridon,Yoplait Drink,39.34,5108758751184410,Cilangkap
654,Richmond,Priddey,Gingerale - Diet - Schweppes,11.08,5048374171921937,Saint-Lambert-de-Lauzon
655,Allan,Guinane,Foil Cont Round,8.71,5108755195939797,Damaishan
656,Dot,Seeborne,Nantucket Pine Orangebanana,54.52,5048371842993675,Mahong
657,Lyon,McPhater,Sambuca - Opal Nera,58.72,5108755143241189,Tayāsīr
658,Janene,Tinsey,Truffle Cups - Red,67.54,5048377061594110,Néos Skopós
659,Lionel,Tomik,Sugar - Crumb,12.88,5108759706274983,Jaguarão
660,Moyna,Cashford,Dry Ice,26.53,5108754532531391,Spiczyn
661,Dorotea,Spain,Goldschalger,67.78,5108757239512440,Tsushima
662,Elianora,Francois,Table Cloth 62x120 Colour,48.41,5108759833670244,Vila Pouca da Beira
663,Arny,LAbbet,Cheese - Mix,38.86,5108758744996334,Mikulintsy
664,Raychel,Mahady,Wine - Casablanca Valley,68.62,5048373701860722,Cabak Satu
665,Brooks,Eaglesham,Sobe - Lizard Fuel,98.95,5048373579697958,Rajsko
666,Evanne,Fantini,"Wine - Sherry Dry Sack, William",23.43,5048372708536939,Nariño
667,Queenie,Byrkmyr,Garlic,63.94,5048379999343610,Hino
668,Matias,Backshell,Rabbit - Whole,79.27,5048373500161603,Tam Bình
669,Dacey,Basilone,French Pastries,49.65,5108751365148509,Les Clayes-sous-Bois
670,Brock,Heatley,Appetizer - Chicken Satay,61.62,5048376869590528,Ushiku
671,Kessiah,Mose,Cumin - Whole,2.16,5108755283331121,Lidong
672,Rosalyn,Stummeyer,Russian Prince,27.11,5108756868356095,Bugko
673,Karmen,Broxton,Veal - Osso Bucco,77.96,5108755773019863,Tengqiao
674,Josefina,Hamprecht,Island Oasis - Mango Daiquiri,51.65,5108751397495761,Santa Maria
675,Colene,Weine,Cakes Assorted,33.94,5108758260293454,Tall Salḩab
676,Carmelle,Weeden,Water - Spring 1.5lit,47.05,5108759621304105,Turbiv
677,Amalie,Gouch,Sprouts - Pea,97.77,5048379867597446,Mainit
678,Christophe,Wetwood,"Capon - Breast, Double, Wing On",45.48,5108756183144515,Wiri
679,Arte,Rosiello,Ecolab Digiclean Mild Fm,82.43,5048375245960652,Volodarsk
680,Minni,Snellman,"Coffee - Colombian, Portioned",74.65,5108752800719797,Ngrowo
681,Filmer,Brun,Nantucket - Carrot Orange,65.81,5108758249092662,Noormarkku
682,Bary,Abramin,Jam - Apricot,92.54,5048377955751651,Sremski Karlovci
683,Keir,Waddicor,Pasta - Angel Hair,94.46,5108756628166271,Koźmin Wielkopolski
684,Aura,Callf,Banana,43.53,5108758089980745,Kumla
685,Andris,Skelbeck,Cream - 35%,18.92,5048372336594680,Cikujang
686,Israel,Andryszczak,Chocolate - Unsweetened,62.05,5108756470496024,Utena
687,Rowan,Peterffy,Pork - Smoked Kassler,23.8,5108759158707738,Messina
688,Norbie,Pyke,Lamb - Ground,98.15,5048379559293502,Jadranovo
689,Nola,Breckenridge,Foam Cup 6 Oz,40.51,5048371057017418,Dabola
690,Carlie,Manntschke,Steel Wool,50.27,5108755430744952,Modosinal
691,Bartolemo,Bawdon,Wanton Wrap,39.25,5048377739458623,Gisiliba
692,Jasmin,Durtnal,Wine - Rosso Toscano Igt,78.64,5048374907005039,Stutterheim
693,Raff,Hammelberg,Garlic,53.57,5108758712613838,Ferraz de Vasconcelos
694,Niki,Eltringham,The Pop Shoppe - Grape,97.32,5048374212162061,Maquanzhen
695,Isabella,Kobera,Sprouts Dikon,80.88,5048376996341613,Oliveirinha
696,Colin,Gibbard,Ice Cream Bar - Oreo Cone,45.68,5108752608749004,Podu
697,Marga,Halcro,Ecolab - Hand Soap Form Antibac,73.67,5108752720070420,Tsaratanana
698,Martica,Melross,Pie Pecan,47.28,5108759415991232,Orleans
699,Thedrick,Sheards,Coffee - Hazelnut Cream,69.57,5048374451348611,Uba
700,Elisabetta,Binford,Coffee - 10oz Cup 92961,91.54,5108751866654021,Cigoong
701,Syman,Furlonge,Cheese - Asiago,29.63,5108750058329616,Sepolong Timur
702,Alleyn,Ranken,Fenngreek Seed,56.52,5108752942534815,Stavropol’
703,Linnet,Mealand,Danishes - Mini Cheese,50.71,5048376024294255,Faḩmah
704,Connie,Dargavel,Grouper - Fresh,91.58,5048374045623511,Arlington
705,Iver,Twinning,Kolrabi,13.19,5108755720038339,Horodok
706,Moshe,Rieflin,Fondant - Icing,94.73,5048379553424301,Pechora
707,Louie,Novacek,Chicken - Tenderloin,83.66,5108753273308381,Khao Kho
708,Lon,McRamsey,Coconut - Whole,88.4,5048370766796643,Nytva
709,Carmon,Turford,"Bread - White, Unsliced",98.69,5108752472566278,Shenkou
710,Ronnie,Willoughway,"Vermacelli - Sprinkles, Assorted",1.55,5108750051854990,New Mīrpur
711,Sharlene,Duplan,Mustard - Dijon,94.83,5048372209625405,Kototujuh
712,Walt,Reynold,Tomato Puree,44.88,5108757951965701,Xinzhuang
713,Maynard,Peyes,Orange Roughy 4/6 Oz,96.6,5048374570191017,Alis
714,Rona,Micklewicz,"Soup - Campbells, Minestrone",42.31,5108757368966979,Abuochiche
715,Carmon,Micheli,"Soup - Knorr, Ministrone",30.61,5048374211763679,Ningyang
716,Ado,Normanton,Pork - Shoulder,90.67,5048374742848072,Maquiapo
717,Jacquelynn,Hurst,Beer - Original Organic Lager,46.13,5108756063703414,Taguisa
718,Liana,Byatt,"Yogurt - Raspberry, 175 Gr",50.19,5048372629811965,Chicago
719,Virgie,Goldwater,Cumin - Ground,10.41,5048373854016833,Mayrtup
720,Artus,Reddyhoff,"Rice Pilaf, Dry,package",5.54,5048372537339760,Svetogorsk
721,Kendre,Faussett,Chicken - Wieners,47.81,5108757622055312,Payaman
722,Hunfredo,Guthrie,Wine - Winzer Krems Gruner,26.06,5048370117012773,Longxian Chengguanzhen
723,Brig,Klarzynski,Soup - Campbells Chicken,83.02,5048372802708947,Rantīs
724,Sharai,Ferronet,Soap - Mr.clean Floor Soap,72.74,5108757279373950,Cap Malheureux
725,Hynda,Clemens,Energy Drink - Franks Pineapple,52.26,5108756274543864,Boundiali
726,Normie,Geeson,"Nut - Pine Nuts, Whole",37.16,5108759398161126,Barguzin
727,Ede,MacNalley,"Beef - Rib Roast, Capless",60.59,5108753896357781,Sanxianling
728,Den,Engledow,"Beans - Black Bean, Preserved",20.56,5048378645684120,Agoncillo
729,Yorker,Puddifer,Fiddlehead - Frozen,8.94,5048376671729256,Xiaotang
730,Abbot,Bru,Sesame Seed Black,21.49,5048373305515649,Khadan Khāk
731,Gaspar,Shearme,Rice - Basmati,59.26,5048371167211505,Nūrābād
732,Allissa,Reasun,"Chicken - Leg, Boneless",39.58,5108754790299301,Chaoyang
733,Tybie,Lorroway,"Bag - Bread, White, Plain",14.71,5048378822897222,Gornji Petrovci
734,Avictor,Maw,Steampan Lid,41.96,5048376970188527,Cigadog
735,Justinn,Gerriessen,Turkey - Ground. Lean,99.85,5048377814198631,Šabac
736,Rafaellle,Stamp,Flour - Semolina,3.91,5108756804007786,Chiquinquirá
737,Noelyn,Dumpleton,Towel Multifold,75.69,5048376382745526,Palma Soriano
738,Marshall,Callinan,Beer - Mill St Organic,79.71,5048375232028828,Tunggar
739,Felita,Stannard,Cheese - Bakers Cream Cheese,38.82,5108756841722801,Campo Grande
740,Baryram,Stallwood,Shallots,17.86,5048370024741225,El Agua Dulcita
741,Portia,Gooday,Longos - Penne With Pesto,88.72,5048376018940657,Katabu
742,Beverie,Grene,Chips - Potato Jalapeno,23.01,5108759694662207,Kotayk’
743,Nixie,Hukins,Beef - Kobe Striploin,36.12,5048379325590652,Kolonowskie
744,Leopold,Tomkiss,"Sauce - Black Current, Dry Mix",2.01,5048372676571157,Yashao
745,Tonya,Dionis,"Tart Shells - Barquettes, Savory",91.8,5108759016751647,Embu
746,Jareb,Balding,Wine - Casillero Del Diablo,25.5,5048373136479353,Nampicuan
747,Nataline,Simonetti,Eggplant - Asian,48.49,5048377154176619,Jose Maria Morelos
748,Clementine,Hillett,"Cheese - Mozzarella, Buffalo",39.05,5108751890017914,Lodwar
749,Shayna,Mac Giany,V8 Pet,25.61,5048373762848731,San Bartolomé Milpas Altas
750,Deirdre,Mackelworth,Relish,42.79,5048373827978481,Zhigong
751,Prissie,Hinrichsen,Rice Paper,94.41,5108756227842157,Pantukan
752,Lodovico,Force,"Lemonade - Island Tea, 591 Ml",42.51,5048378721416249,Duyên Hải
753,Currie,Syme,Cleaner - Pine Sol,90.95,5108759786829094,Rakičan
754,Carree,Hathwood,"Wine - White, French Cross",61.83,5048372068414842,Karatsu
755,Gwendolen,Urian,Cheese - Colby,37.02,5048378374028796,Gnieżdżewo
756,Frazer,Craney,Mahi Mahi,94.71,5108754580557645,Essen
757,Charmion,Digan,Sauce - Alfredo,56.72,5108753193272568,Songlong
758,Charline,Jayne,Beets - Mini Golden,34.11,5048370841363161,Sovetskoye
759,Del,Whitnall,Cheese - Swiss Sliced,84.53,5048374459641512,Karlshamn
760,Yelena,Mc Grath,Sausage - Chorizo,81.23,5048378801289862,Ogurugu
761,Harriette,Santarelli,Nantucket - 518ml,45.47,5048370468712203,Sacramento
762,Margaret,Grennan,Cookie Dough - Chunky,29.71,5048378483739762,Shipka
763,Cassy,Itzchaky,Lettuce - California Mix,73.55,5048374411801097,Tlučná
764,Averell,Wildsmith,Appetizer - Assorted Box,27.21,5048372179964081,Yijing
765,Lamont,Fetters,"Pork - Bacon,back Peameal",39.03,5048377211742098,Sukamaju
766,Debbi,Chubb,Cookies Oatmeal Raisin,99.15,5108758556115684,Jesús Menéndez
767,Emiline,Massel,Bar Energy Chocchip,94.92,5108753472316714,Linglu
768,Greta,Allred,Muffin Orange Individual,25.9,5108751598179628,Vođinci
769,Manolo,Hakeworth,Irish Cream - Butterscotch,15.79,5108751109921419,Nayak
770,Sanderson,Pohlke,Pie Box - Cello Window 2.5,51.29,5048376771496152,Liuhao
771,Louise,Gritton,Bread - Sour Sticks With Onion,47.76,5048372428701920,Issy-les-Moulineaux
772,Mallory,Van Rembrandt,Tea - Herbal Sweet Dreams,16.29,5108751399034303,Yuejin
773,Margareta,Luebbert,Wine - Peller Estates Late,92.0,5108752696823992,Ush-Tyube
774,Jandy,Sudy,Ginsing - Fresh,50.76,5108753329352078,Pulupandan
775,Cletis,Priden,Wine - Sogrape Mateus Rose,5.15,5048376975650489,Zwolle
776,Tracee,Hellin,Galliano,18.89,5108757896851636,Jiantian
777,Beverlee,Grinnell,Mushroom Morel Fresh,37.01,5108758248614565,Jingzhou
778,Hallsy,Ettritch,Halibut - Fletches,58.66,5048373172918959,Mazra‘at Bayt Jinn
779,Martin,Freiberg,Mini - Vol Au Vents,92.07,5048371798968549,Sindangkerta
780,Paulie,Ivanin,"Pasta - Fusili, Dry",97.07,5108759643190268,Busia
781,Brynna,Selliman,Bread - White Mini Epi,78.81,5048376823812570,Lampa
782,Elden,Boodle,Garlic,17.35,5048376947294820,Nam Đàn
783,Bendix,Nower,Edible Flower - Mixed,22.33,5108758866947263,Shuanglu
784,Kingston,Bates,Beer - Creemore,48.57,5048371872067010,Araçatuba
785,Anatola,Judkins,Pickerel - Fillets,10.31,5108752818754448,Werinama
786,Rinaldo,Rush,"Potatoes - Instant, Mashed",90.61,5048379341211762,Mihara
787,Gearalt,Dwyr,Wine - Jaboulet Cotes Du Rhone,16.34,5108753942102843,Luzhuangzi
788,Philly,Gildea,Veal - Insides Provini,51.17,5048378802182405,Moyo
789,Stefan,Corry,Coffee Decaf Colombian,87.48,5048378699757087,Lalapanzi
790,Sada,Kennelly,Bread Base - Goodhearth,5.47,5108757040766458,Ḩawf
791,Base,Dessaur,Wine - Toasted Head,26.15,5048371772186480,L-Iklin
792,Hillel,Zanitti,Lotus Rootlets - Canned,33.56,5048375506055929,Pagaruša
793,Elsy,Dingwall,Bacardi Mojito,80.35,5108757277346099,Amio
794,Casandra,Ivanchenkov,V8 - Tropical Blend,21.35,5108756363675353,Changwon
795,Vi,Drewet,Numi - Assorted Teas,58.51,5048371679864494,Samokov
796,Bryn,Lomond,Cookie Trail Mix,72.8,5108759733536024,Mokopane
797,Tallulah,Letten,Chicken - Ground,83.48,5108754282743550,Łazy
798,Kiah,Morritt,Squid - U - 10 Thailand,78.81,5048375632243027,Ivyanyets
799,Vitia,Coulter,Jameson - Irish Whiskey,18.08,5108757219427569,Balibago
800,Colline,Daltry,"Sauce - Apple, Unsweetened",76.07,5048370044476398,Dongfeng
801,Dyanna,Wanjek,Persimmons,68.62,5048379440699420,Acomayo
802,Willi,MacNeilage,Pernod,57.47,5048375549471208,Wrocław
803,Kean,Yakovl,Chocolate - Compound Coating,75.53,5048378399852022,Novyy Oskol
804,Rahal,Paz,The Pop Shoppe - Lime Rickey,72.38,5048373703443113,Tanahwangko
805,Constancia,Blaker,"Marjoram - Dried, Rubbed",89.14,5048373006113025,Voyskovitsy
806,Tillie,Mamwell,"Mushroom - Enoki, Fresh",63.67,5108759729422114,Fray Bentos
807,Allsun,Maggiore,Higashimaru Usukuchi Soy,4.97,5108756704027595,Huainan
808,Darrelle,Wythe,"Mushroom - Shitake, Dry",17.16,5108753057917555,Luofang
809,Griswold,Champagne,Extract Vanilla Pure,25.5,5048372055238675,Velká Polom
810,Aubry,Bleaden,"Chocolate - Pistoles, White",62.58,5048377105777911,Jocón
811,Sofie,Snawden,Cocoa Powder - Dutched,44.65,5108757503047164,Piippola
812,Elizabet,Smedmore,Paper Towel Touchless,81.17,5108757978884158,Przyborów
813,Maribel,Schach,Soup - French Onion,18.84,5048377770504806,Cibuah
814,Noak,Schruyers,Halibut - Fletches,56.69,5048373486941648,Cadagmayan Norte
815,Free,Durdle,Raspberries - Fresh,74.45,5048379458848281,Quintinha
816,Lev,Vreede,Sproutsmustard Cress,96.62,5048373852919335,Gaillac
817,Dionisio,Parkman,Soup - Tomato Mush. Florentine,59.13,5108751099492660,Palestina de los Altos
818,Octavius,Harkins,Truffle Cups - Brown,78.16,5108754562296030,Jēkabpils
819,Gallagher,Pauli,"Veal - Shank, Pieces",38.51,5048379455403247,Velingrad
820,Phoebe,Mart,"Soup - Campbells, Cream Of",7.69,5108758736526339,Dongming Chengguanzhen
821,Silva,Eliasen,"Doilies - 10, Paper",27.61,5108759927274820,Manamrag
822,Nathan,Renad,Beets - Pickled,28.62,5048370712236959,Levallois-Perret
823,Jake,McCaskell,"Soup - Campbells, Beef Barley",55.63,5048377643473254,Zerok-Alakadari
824,Erasmus,Lugden,Eggplant Italian,55.48,5108752989006388,Cimongkor
825,Bernie,Kolak,Energy Drink Red Bull,92.19,5048375305738667,Kertosari
826,Parrnell,Geraud,Corn Shoots,6.03,5108758616426899,Duraykīsh
827,Ema,Chedzoy,Pastrami,59.45,5108754316791575,Dushi
828,Andreas,Hallowell,Wine - Cava Aria Estate Brut,30.53,5048375554949742,Xinji
829,Anna-diane,Palombi,"Beef - Bones, Cut - Up",18.05,5108759027720193,Wang Nam Yen
830,Denna,Emblem,"Tray - Foam, Square 4 - S",6.57,5048377632587361,Pisão
831,Darell,Petraitis,Wine - Muscadet Sur Lie,57.61,5108754714096387,Tabuating
832,Mattie,Bottomer,Veal - Provimi Inside,24.6,5108758756270834,Asan
833,Marchelle,McWaters,Carrots - Mini Red Organic,58.99,5048377007994408,La Talaudière
834,Xymenes,Christene,Cheese - Gorgonzola,88.44,5108754292240100,Yunxi
835,Mellie,Macoun,"Yogurt - Blueberry, 175 Gr",81.0,5048374095902542,Krajan Gajahmati
836,Ginnifer,Arkley,Bread - Italian Sesame Poly,47.66,5108750280930231,Hispania
837,Nap,Renzini,Tamarillo,84.17,5108754932031489,Daohe
838,Tessi,Stockle,Wine - Pinot Noir Stoneleigh,85.95,5048375072905259,Maungatapere
839,Perceval,Cowcha,Cognac - Courvaisier,33.32,5108757153129569,Xiongjia
840,Kesley,Swansbury,Parsley - Dried,80.77,5048378308349227,Sindon
841,Letisha,Navan,"Wine - Red, Gallo, Merlot",64.63,5048372259155790,Ronggo
842,Trace,Seedull,Red Currants,80.42,5108751672066543,Bailu
843,Haleigh,Demke,Potatoes - Mini White 3 Oz,96.26,5048373623202789,Brataj
844,Packston,Smitheram,"Soup - Knorr, Country Bean",27.33,5108759765128468,Tzaneen
845,Alli,Drayton,"Fish - Soup Base, Bouillon",33.97,5108750544354293,Stavanger
846,Sarita,Tiner,"Rum - Dark, Bacardi, Black",99.11,5048370703269852,Jami
847,Bernardo,Firebrace,Wine - Prem Select Charddonany,79.06,5048371304360629,Monjarás
848,Truman,Doerren,"Chicken - Base, Ultimate",55.65,5048379168488303,Babakansari
849,Paquito,Rixon,Cheese - Fontina,11.96,5108758710837728,Prinza
850,Jerrie,Sermin,Apricots Fresh,83.9,5108753030667350,As Sawdā
851,Cyrillus,Nornable,Chocolate - Sugar Free Semi Choc,16.05,5108751760285807,Gorbunki
852,Suzi,Rathe,Cookie Trail Mix,43.14,5048377579658035,Nakhon Sawan
853,Amerigo,Poller,Table Cloth 81x81 Colour,35.62,5108759485798640,Pukkila
854,Correy,Briston,Bread - Multigrain,77.1,5108752300173966,Měcholupy
855,Rosy,Patterson,Muffin Orange Individual,66.21,5108757278904219,Łaszczów
856,Morton,Bensusan,Toamtoes 6x7 Select,10.25,5108759041730319,Maha Sarakham
857,Enrichetta,Gall,Bread - White Epi Baguette,8.95,5108751524007182,Polloc
858,Linnell,Tender,Durian Fruit,4.3,5108755607617718,Maceo
859,Enrique,Muspratt,Nantucket Apple Juice,94.65,5108759927295346,Brampton
860,Wyn,Koppen,Juice Peach Nectar,92.73,5048378591901437,Khorugh
861,Violette,McMychem,Water - Spring 1.5lit,97.89,5048379172142185,Ambelókipoi
862,Karla,Barnes,"Wine - Red, Marechal Foch",15.55,5108759557620482,Bartsrashen
863,Minni,Ruos,Crackers - Trio,39.83,5048375006796238,Duifang
864,Fernanda,Kingerby,Shrimp - Tiger 21/25,6.04,5048375671486750,Qinggang
865,Cody,Gallahar,Tobasco Sauce,28.72,5108758637862106,Lukou
866,Abbot,Maffucci,Steampan - Lid For Half Size,87.48,5048377679366299,Nifuboko
867,Tasia,Fearfull,Chicken - Leg / Back Attach,37.47,5108754999263637,Kerek
868,Kendre,Legat,Island Oasis - Peach Daiquiri,19.63,5108756392957822,Liukou
869,Yankee,Timmis,Vinegar - Raspberry,37.59,5048375165601146,Newark
870,Marillin,Raigatt,Bread Country Roll,29.86,5048374018232100,Viso
871,Kip,Gooderridge,Bacardi Breezer - Strawberry,81.75,5108751301320162,Cijoho
872,Olav,Cherm,Cocktail Napkin Blue,79.28,5048370808619761,Caoxi
873,Cyrille,Beeby,Flour - Chickpea,30.59,5048374930717493,‘Alāqahdārī Gēlān
874,Amelia,Crudgington,"Schnappes - Peach, Walkers",1.04,5048377965964104,Sihe
875,Mikaela,Klaves,Long Island Ice Tea,86.89,5108753746405731,Valence
876,Donielle,Brawley,Bread - Pita,68.32,5048375368595061,Samut Songkhram
877,Sandy,Wrightem,Bonito Flakes - Toku Katsuo,8.4,5108759412932718,Mingoyo
878,Monte,Arnoll,Canada Dry,40.26,5048371584827032,Tumba
879,Laraine,Nerger,Beef - Flank Steak,77.6,5048373403709508,Tolitoli
880,Bay,Kindell,"Gingerale - Schweppes, 355 Ml",6.28,5048373795269285,Sviadnov
881,Druci,Mathey,Tea - Black Currant,12.03,5108754174878670,Xêgar
882,Christabel,Hammel,Raspberries - Frozen,19.14,5108759175525014,Al Jīzah
883,Aggie,Markie,Sponge Cake Mix - Vanilla,54.7,5108752711824280,Klagen
884,Morgun,Blacklidge,Onions - Pearl,77.76,5048375435624894,Atalaia
885,Staci,Barthelet,"Soup - Beef Conomme, Dry",15.91,5108751202116271,Palhoça
886,Dorothea,Curley,Cup - Translucent 7 Oz Clear,51.9,5108754357081589,Xiaoya
887,Blanch,Newborn,"Pork - Chop, Frenched",57.97,5108752646029138,Bačka Topola
888,Tiertza,Krahl,Creme De Cacao White,47.5,5048379883026206,Longxi
889,Warden,Corless,Onions - Spanish,54.91,5108754501311197,Starychi
890,Papagena,Franzel,Foam Cup 6 Oz,9.23,5108759438840077,Ladoeiro
891,Kathryn,Albrighton,"Pepper - Black, Crushed",38.94,5108757006430909,Dengjiang
892,Pincus,Camillo,Pie Filling - Cherry,69.15,5048374858080858,Nong Bua Daeng
893,Florinda,Chatel,Turnip - Wax,26.34,5108752691692574,Gubskaya
894,Orlan,Still,Brandy - Bar,54.39,5048376204720715,Reszel
895,Sherie,Novelli,"Bread - Sticks, Thin, Plain",73.16,5048373422570527,Dubai
896,Clerkclaude,McManamon,Wine - Riesling Alsace Ac 2001,80.68,5108755143835592,Al Qarārah
897,Isac,Muehle,Pate - Cognac,20.28,5048376467796048,Binawara
898,Vivi,Drance,"Coke - Diet, 355 Ml",79.97,5048374128873942,Wuda
899,Lorette,Stollman,Cocoa Powder - Dutched,2.0,5108750750435505,Verd
900,Saree,Di Pietro,Sloe Gin - Mcguinness,6.57,5048372069839070,Xinying
901,Brigham,Pilbury,"Yeast - Fresh, Fleischman",85.56,5048374486299474,Guanyinsi
902,Fulton,Rubinowicz,French Pastries,18.31,5108752074919958,Xianshuigu
903,Herby,Bailie,Sugar - Brown,90.43,5048379249364168,Santiago
904,Leeann,Lancett,Cranberries - Fresh,33.06,5108754852419326,Neftobod
905,Prissie,Curd,Sauce - Rosee,22.94,5108752892264868,Arnoia
906,Nora,Adriano,Milk - Buttermilk,20.74,5048376373248373,Hejiang
907,Loralee,Geockle,Pasta - Angel Hair,23.94,5048371288384348,Izmaylovo
908,Evyn,Shacklady,Water - Spring Water 500ml,10.93,5108759143980879,El Alto
909,Irina,MacCawley,Butter Sweet,91.68,5108750853224806,Stará Huť
910,Fayre,Lampert,Trout - Smoked,43.06,5108758740086429,Atawutung
911,Billye,Streatley,Chocolate - Milk,60.06,5048378060957761,Arvidsjaur
912,Corrie,Dudley,V8 - Vegetable Cocktail,26.23,5108756759802355,Anambongan
913,Powell,Tofano,"Stock - Beef, Brown",27.47,5048378916041844,Mileb
914,Kesley,Rosin,Flower - Dish Garden,32.11,5048373032742730,Pueblo Nuevo Viñas
915,Horacio,Cohn,Tomato - Plum With Basil,39.84,5108753594080560,Sotteville-lès-Rouen
916,Morissa,Tramel,"Mushroom - Oyster, Fresh",52.74,5108759563022582,Derventa
917,Gates,Lorne,True - Vue Containers,28.46,5108759890548994,Nueva Germania
918,Beau,Kingswold,Coconut - Whole,4.29,5108751111530141,Shewopo
919,Yetty,Thurbon,"Beer - Alexander Kieths, Pale Ale",36.54,5108759970797099,Yajiwa
920,Abramo,Arondel,Mountain Dew,66.58,5108753621656242,Antas
921,Faulkner,Soall,Shrimp - Black Tiger 8 - 12,25.7,5108757289175445,Saint-Laurent-Blangy
922,Arliene,Spinozzi,Transfer Sheets,1.89,5048374065662290,Jiaoxie
923,Clayborn,Varsey,Yokaline,7.35,5048374051749036,Huineno
924,Doll,Twentyman,Wine - Casablanca Valley,39.93,5108754842575344,Shigony
925,Gerhardt,Baber,Table Cloth 91x91 Colour,56.01,5108752087022071,Xiadu
926,Damon,Sterndale,Puree - Mango,76.12,5048373940045895,Sabnie
927,Jeni,Gatch,Chocolate - Unsweetened,99.53,5048379572697432,Thủ Thừa
928,Ripley,Roubert,Lentils - Green Le Puy,94.16,5108758169265264,Tajimi
929,Brunhilde,Kettle,Pea - Snow,81.06,5048371944951712,Lennec
930,Marlon,Synan,Relish,84.74,5108755073909656,Mykolayiv
931,Mureil,Kell,Longos - Chicken Wings,19.64,5048376417415848,Patong
932,Becca,Casterou,Lemon Pepper,56.91,5108755383505616,Licheng
933,Jania,Rapinett,Cumin - Whole,83.41,5048379455420555,Dobrljin
934,Tedi,MattiCCI,"Nut - Almond, Blanched, Ground",30.91,5048372092313457,Serzedo
935,Stefania,McCleary,"Rosemary - Primerba, Paste",97.55,5048370661668012,Rivera
936,Curry,Klimek,Egg Patty Fried,67.88,5108756380439239,Sidaurip
937,Noel,Aleshkov,Bread Crumbs - Panko,36.24,5108754191950940,Verd
938,Shanna,Maddrell,Bay Leaf Ground,46.04,5048377721241243,Wawrzeńczyce
939,Andrus,Kleinplac,Table Cloth 81x81 White,7.87,5048379671377233,Yongchang
940,Morgan,Coltart,Whmis - Spray Bottle Trigger,32.78,5108756390405154,Borovo
941,Nickolas,Hosten,Crackers - Soda / Saltins,40.74,5108759096458873,Liren
942,Menard,Flecknell,Table Cloth 62x120 White,42.16,5048376869172780,Malie
943,Adlai,Lapworth,Bar Bran Honey Nut,85.12,5108756034002052,Ituverava
944,Bendicty,Sneezum,Tuna - Loin,81.32,5108757917572336,Nagareyama
945,Marijn,Lerer,Compound - Mocha,6.83,5108752958477321,Domont
946,Nels,Kendred,Tomatoes - Yellow Hot House,88.55,5108752211054115,Getafe
947,Sheffy,O'Devey,"Beef - Ox Tail, Frozen",62.64,5048370577152804,Bumbuna
948,Granger,Branton,Crackers - Soda / Saltins,46.23,5048374561776503,Guadalupe
949,Laurie,Boriston,Mustard - Pommery,62.33,5108752262882414,Munka-Ljungby
950,Chan,Rubertelli,Piping Jelly - All Colours,49.12,5048372255791515,Digne-les-Bains
951,Margi,Labdon,"Jam - Raspberry,jar",77.09,5108759591342184,Kathu
952,Vince,Kedwell,Banana - Leaves,20.92,5048371158612752,Carapo
953,Maybelle,Steptow,Wine - Coteaux Du Tricastin Ac,88.93,5108758430747199,Chinandega
954,Collette,Tourne,Lemon Tarts,66.11,5048373420827200,Timpas
955,Ardra,Kiera,Squid - U - 10 Thailand,13.52,5108755198382144,Jieshipu
956,Eleanora,Franchioni,"Turnip - White, Organic",25.94,5108759970672888,Mafraq
957,Frasier,Manhare,"Tortillas - Flour, 10",81.31,5048378940877635,Toronto
958,Martita,Ugolini,Oil - Sesame,54.22,5048370654704345,Datian
959,Isabella,Acott,"Cheese - Brie, Cups 125g",14.13,5048376802465648,Luso
960,Willard,Rigden,"Roe - Lump Fish, Red",37.39,5048370373575091,Yuecheng
961,Kiersten,Senett,Oven Mitts 17 Inch,54.59,5048375854257069,Ranot
962,Clarita,Polleye,Brandy Apricot,27.25,5048376268502165,Bayanbulag
963,Granger,Riden,Chips Potato Salt Vinegar 43g,33.16,5108751593097197,Portão
964,Boy,Ducker,Wine - Charddonnay Errazuriz,70.05,5048378002816166,Paraipaba
965,Findlay,Tankus,Lidsoupcont Rp12dn,68.06,5108759023344089,Boa Esperança
966,Archibald,Paish,"Sauce - Black Current, Dry Mix",30.33,5108751578396010,Hongyan
967,Artur,Fulham,Tea - Vanilla Chai,69.39,5108755352796717,Ketapang
968,Heather,Waterstone,Bacardi Mojito,48.92,5108754108007693,Kertosari
969,Wainwright,Donn,Wine - Clavet Saint Emilion,99.83,5108750078387206,Amolatar
970,Merl,Melvin,Beef - Short Loin,45.61,5048375258391076,Mengla
971,Silvana,Conningham,"Ice - Clear, 300 Lb For Carving",44.53,5048378454682371,Monroe
972,Ced,Spearett,Beef - Cow Feet Split,94.82,5048377501308980,Wanquan
973,Salomone,Topliss,Soup Campbells - Tomato Bisque,69.86,5108759375195824,Vera Cruz
974,Giraldo,Selwyne,Bread - Raisin Walnut Oval,46.1,5108753038596502,Juren
975,Leda,Sadd,Pastrami,38.35,5108751418723894,San Pedro
976,Loy,Osborne,"Dill - Primerba, Paste",6.87,5048370752646174,Morrito
977,Lauren,Ducker,"Lamb - Leg, Diced",9.22,5108752301213803,Monte Carmelo
978,Vickie,Shipp,Cake - Dulce De Leche,49.71,5048371737884153,Rendeng
979,Elmer,Wilder,"Wine - Red, Black Opal Shiraz",40.87,5108754718127550,Le Havre
980,Kyrstin,Pomfrey,"Lemonade - Kiwi, 591 Ml",16.18,5048373392388611,Uchaly
981,Corine,Aysik,Wiberg Super Cure,58.8,5108750073430076,Wadung
982,Teodorico,Ewert,Beef - Ox Tongue,37.44,5048378433085027,Cuamba
983,Donnie,Fearnall,"Pasta - Rotini, Colour, Dry",36.65,5108758412745583,Serednye Vodyane
984,Phillipp,Bidewel,Gatorade - Xfactor Berry,82.25,5048378642383130,Xinglongchang
985,Perri,Gentiry,Beer - Paulaner Hefeweisse,93.35,5048373487856100,Lembanah
986,Sydel,Du Fray,Tomato - Plum With Basil,42.87,5108759489870486,Nacka
987,Minnaminnie,Oxlee,Pepper - Scotch Bonnet,28.57,5048375227608634,Skutskär
988,Donny,Rawles,Thyme - Fresh,61.57,5108753603414628,Timrat
989,Son,Yeoland,"Crab - Dungeness, Whole, live",53.54,5108756777241701,Dayu
990,Lanette,Dulson,Propel Sport Drink,89.47,5108751099840835,Illela
991,Otes,Briant,Quail Eggs - Canned,45.7,5048376623157960,El Arañado
992,Nico,Le febre,Sprouts - Peppercress,78.39,5108755736328609,Le Blanc-Mesnil
993,Lexine,Sharpless,Pop Shoppe Cream Soda,17.49,5048372856274564,Villefranche-sur-Mer
994,Danila,Fritter,Beef - Tenderloin Tails,36.64,5048372762951172,Cimaragas
995,Maressa,Burd,"Red Snapper - Fresh, Whole",83.45,5108753954445999,Qijia
996,Taryn,Saltsberger,"Nut - Pistachio, Shelled",98.65,5048379053832565,Vryburg
997,Rossy,Greetland,Oil - Pumpkinseed,8.08,5048376030813619,Sarapul
998,Nicolas,Aronstam,Lidsoupcont Rp12dn,25.51,5048378008228739,Entebbe
999,Shandie,Minnis,Chickhen - Chicken Phyllo,56.34,5108751315838936,Banjar Dukuh
1000,Mandel,Holby,Galliano,8.61,5048375781512164,Nankengzi
